id,idText,province,region,name,roleType,semantic,非日常化程度,五官变形度,表情极端度,色彩冲突度,轮廓异质度,装饰复杂度,怪诞总分,怪诞等级,凝视压迫感,眉眼攻击性,口部威胁感,尖锐形态感,色彩压迫感,威慑总分,X_威慑性,Y_怪诞激烈性,四象限类型
1,0001,安徽,安徽·池州,招魂使者,武将护法类,忠勇、护法、征战或秩序维护,5,5,5,5,3,4,27,高怪诞,5,5,2,2,5,19,76.0,90.0,驱邪震慑型
2,0002,安徽,安徽,舞伞童子,世俗戏曲人物类,戏剧情节、乡土人物或社会身份,2,1,1,4,2,2,12,低怪诞,1,1,1,2,4,9,36.0,40.0,人相亲和型
3,0003,安徽,安徽,乡官,世俗戏曲人物类,戏剧情节、乡土人物或社会身份,2,2,2,3,2,1,12,低怪诞,2,1,1,2,3,9,36.0,40.0,人相亲和型
4,0004,安徽,安徽,萧淑女,神灵信仰类,祈福、护佑、还愿或地方信仰,2,1,1,3,2,2,11,低怪诞,2,2,1,2,3,10,40.0,36.7,人相亲和型
5,0005,安徽,安徽,寿翁,世俗戏曲人物类,戏剧情节、乡土人物或社会身份,2,1,2,3,2,3,13,中低怪诞,1,1,1,1,3,7,28.0,43.3,人相亲和型
6,0006,安徽,安徽,财神,神灵信仰类,祈福、护佑、还愿或地方信仰,2,2,2,3,2,2,13,中低怪诞,3,2,1,2,3,11,44.0,43.3,人相亲和型
7,0007,安徽,安徽,魁星,神灵信仰类,祈福、护佑、还愿或地方信仰,2,2,2,3,2,2,13,中低怪诞,3,2,1,2,4,12,48.0,43.3,人相亲和型
8,0008,安徽,安徽,关公品茗,武将护法类,忠勇、护法、征战或秩序维护,3,2,2,4,2,3,16,中低怪诞,3,2,2,2,4,13,52.0,53.3,驱邪震慑型
9,0009,福建,福建,持国天王,神灵信仰类,祈福、护佑、还愿或地方信仰,2,2,2,4,2,2,14,中低怪诞,3,2,1,2,5,13,52.0,46.7,神圣威严型
10,0010,福建,福建,增长天王,神灵信仰类,祈福、护佑、还愿或地方信仰,2,2,2,4,2,3,15,中低怪诞,3,2,1,2,4,12,48.0,50.0,戏谑异化型
11,0011,福建,福建,太阳神,神灵信仰类,祈福、护佑、还愿或地方信仰,2,2,2,4,2,3,15,中低怪诞,3,2,1,2,5,13,52.0,50.0,驱邪震慑型
12,0012,福建,福建,风神,神灵信仰类,祈福、护佑、还愿或地方信仰,2,2,2,4,2,2,14,中低怪诞,3,2,1,2,4,12,48.0,46.7,人相亲和型
13,0013,福建,福建,弥勒佛,神灵信仰类,祈福、护佑、还愿或地方信仰,2,1,2,4,2,2,13,中低怪诞,2,2,1,2,4,11,44.0,43.3,人相亲和型
14,0014,福建,福建,金童,组合或未归类,组合叙事或地方性角色,2,2,1,3,3,2,13,中低怪诞,1,1,1,2,3,8,32.0,43.3,人相亲和型
15,0015,广西,广西·毛南族地区,三娘,神灵信仰类,祈福、护佑、还愿或地方信仰,3,2,2,3,2,2,14,中低怪诞,2,2,1,2,3,10,40.0,46.7,人相亲和型
16,0016,广西,广西·毛南族地区,瑶王,神灵信仰类,祈福、护佑、还愿或地方信仰,2,1,3,4,2,2,14,中低怪诞,2,2,2,2,5,13,52.0,46.7,神圣威严型
17,0017,广西,广西·毛南族地区,土地,神灵信仰类,祈福、护佑、还愿或地方信仰,2,2,3,4,2,4,17,中低怪诞,2,2,1,2,5,12,48.0,56.7,戏谑异化型
18,0018,广西,广西·毛南族地区,灵娘,神灵信仰类,祈福、护佑、还愿或地方信仰,2,1,1,4,2,3,13,中低怪诞,2,2,1,2,4,11,44.0,43.3,人相亲和型
19,0019,广西,广西·毛南族地区,花林仙官（小婆王）,神灵信仰类,祈福、护佑、还愿或地方信仰,2,2,2,4,2,5,17,中低怪诞,2,2,1,2,4,11,44.0,56.7,戏谑异化型
20,0020,广西,广西·毛南族地区,万岁娘娘,神灵信仰类,祈福、护佑、还愿或地方信仰,2,2,2,4,2,5,17,中低怪诞,2,2,1,2,5,12,48.0,56.7,戏谑异化型
21,0021,广西,广西·毛南族地区,三界公,神灵信仰类,祈福、护佑、还愿或地方信仰,3,2,2,4,2,5,18,中低怪诞,2,3,1,2,5,13,52.0,60.0,驱邪震慑型
22,0022,广西,广西·毛南族地区,瑶王,神灵信仰类,祈福、护佑、还愿或地方信仰,2,2,2,4,2,2,14,中低怪诞,3,2,1,2,4,12,48.0,46.7,人相亲和型
23,0023,广西,广西·毛南族地区,瑶婆,神灵信仰类,祈福、护佑、还愿或地方信仰,2,1,1,4,2,2,12,低怪诞,2,2,1,2,5,12,48.0,40.0,人相亲和型
24,0024,广西,广西·河池,莫一大王,神灵信仰类,祈福、护佑、还愿或地方信仰,2,2,2,4,2,2,14,中低怪诞,3,2,1,2,5,13,52.0,46.7,神圣威严型
25,0025,广西,广西,雷公,神灵信仰类,祈福、护佑、还愿或地方信仰,2,2,2,4,2,2,14,中低怪诞,3,2,1,2,4,12,48.0,46.7,人相亲和型
26,0026,广西,广西,猪头,兽面驱邪类,镇邪、威慑、护门或驱疫,5,4,4,3,3,2,21,中高怪诞,4,3,4,3,4,18,72.0,70.0,驱邪震慑型
27,0027,广西,广西,猴子,兽面驱邪类,镇邪、威慑、护门或驱疫,5,4,4,3,3,2,21,中高怪诞,4,3,4,3,4,18,72.0,70.0,驱邪震慑型
28,0028,广西,广西,先锋小姐,武将护法类,忠勇、护法、征战或秩序维护,3,2,2,2,3,2,14,中低怪诞,2,2,2,2,3,11,44.0,46.7,人相亲和型
29,0029,广西,广西,艮殿,神灵信仰类,祈福、护佑、还愿或地方信仰,2,2,2,4,2,3,15,中低怪诞,3,2,1,2,5,13,52.0,50.0,驱邪震慑型
30,0030,广西,广西,天皇,神灵信仰类,祈福、护佑、还愿或地方信仰,2,2,2,4,2,2,14,中低怪诞,3,2,1,2,4,12,48.0,46.7,人相亲和型
31,0031,广西,广西,仙公,神灵信仰类,祈福、护佑、还愿或地方信仰,3,2,2,4,2,2,15,中低怪诞,3,2,1,2,5,13,52.0,50.0,驱邪震慑型
32,0032,广西,广西,赵元帅,武将护法类,忠勇、护法、征战或秩序维护,3,2,2,3,2,2,14,中低怪诞,3,2,2,2,3,12,48.0,46.7,人相亲和型
33,0033,广西,广西,茶酒、师公,神灵信仰类,祈福、护佑、还愿或地方信仰,2,2,2,4,2,2,14,中低怪诞,3,2,1,2,4,12,48.0,46.7,人相亲和型
34,0034,广西,广西,足高,神灵信仰类,祈福、护佑、还愿或地方信仰,2,2,2,3,2,2,13,中低怪诞,3,2,1,2,4,12,48.0,43.3,人相亲和型
35,0035,广西,广西,三界公爷,神灵信仰类,祈福、护佑、还愿或地方信仰,3,2,2,4,3,2,16,中低怪诞,3,2,1,2,5,13,52.0,53.3,驱邪震慑型
36,0036,广西,广西,令公李靖,神灵信仰类,祈福、护佑、还愿或地方信仰,3,2,2,4,2,2,15,中低怪诞,3,3,1,2,5,14,56.0,50.0,驱邪震慑型
37,0037,广西,广西,鲁班,神灵信仰类,祈福、护佑、还愿或地方信仰,2,2,2,4,2,3,15,中低怪诞,3,2,1,2,5,13,52.0,50.0,驱邪震慑型
38,0038,广西,广西,和尚,世俗戏曲人物类,戏剧情节、乡土人物或社会身份,2,1,2,4,2,1,12,低怪诞,1,1,1,2,5,10,40.0,40.0,人相亲和型
39,0039,广西,广西,土地神,神灵信仰类,祈福、护佑、还愿或地方信仰,2,2,2,4,2,2,14,中低怪诞,3,2,1,2,5,13,52.0,46.7,神圣威严型
40,0040,广西,广西,土川官,世俗戏曲人物类,戏剧情节、乡土人物或社会身份,2,2,2,2,2,3,13,中低怪诞,2,1,1,2,3,9,36.0,43.3,人相亲和型
41,0041,广西,广西,龙牙歪,组合或未归类,组合叙事或地方性角色,3,2,2,4,2,3,16,中低怪诞,2,2,1,2,5,12,48.0,53.3,戏谑异化型
42,0042,广西,广西,桂北傩,神灵信仰类,祈福、护佑、还愿或地方信仰,2,2,2,4,2,3,15,中低怪诞,3,2,1,2,5,13,52.0,50.0,驱邪震慑型
43,0043,贵州,贵州·安顺,陈咬金,武将护法类,忠勇、护法、征战或秩序维护,3,2,2,4,2,3,16,中低怪诞,3,2,2,2,5,14,56.0,53.3,驱邪震慑型
44,0044,贵州,贵州·安顺,刘备,组合或未归类,组合叙事或地方性角色,2,2,2,4,2,3,15,中低怪诞,2,2,1,2,4,11,44.0,50.0,戏谑异化型
45,0045,贵州,贵州·安顺,张飞,武将护法类,忠勇、护法、征战或秩序维护,3,2,2,4,2,3,16,中低怪诞,3,2,2,2,4,13,52.0,53.3,驱邪震慑型
46,0046,贵州,贵州·安顺,岳飞,武将护法类,忠勇、护法、征战或秩序维护,3,2,2,4,2,3,16,中低怪诞,3,2,2,2,4,13,52.0,53.3,驱邪震慑型
47,0047,贵州,贵州·安顺,周武王,神灵信仰类,祈福、护佑、还愿或地方信仰,2,2,2,2,2,3,13,中低怪诞,3,2,1,2,3,11,44.0,43.3,人相亲和型
48,0048,贵州,贵州·安顺,费仲,组合或未归类,组合叙事或地方性角色,2,2,2,4,2,3,15,中低怪诞,2,2,1,2,4,11,44.0,50.0,戏谑异化型
49,0049,贵州,贵州·安顺,武吉,组合或未归类,组合叙事或地方性角色,3,2,2,3,2,3,15,中低怪诞,2,2,1,3,3,11,44.0,50.0,戏谑异化型
50,0050,贵州,贵州·安顺,将风亭,武将护法类,忠勇、护法、征战或秩序维护,3,2,2,2,2,3,14,中低怪诞,3,2,2,2,2,11,44.0,46.7,人相亲和型
51,0051,贵州,贵州·安顺,黄天觉（爵）,组合或未归类,组合叙事或地方性角色,3,2,2,2,2,3,14,中低怪诞,2,2,1,2,2,9,36.0,46.7,人相亲和型
52,0052,贵州,贵州·安顺,白礼,组合或未归类,组合叙事或地方性角色,2,2,2,2,2,3,13,中低怪诞,2,2,1,2,2,9,36.0,43.3,人相亲和型
53,0053,贵州,贵州·安顺,张绍,组合或未归类,组合叙事或地方性角色,2,2,2,2,2,3,13,中低怪诞,2,2,1,2,2,9,36.0,43.3,人相亲和型
54,0054,贵州,贵州·安顺,张基,神灵信仰类,祈福、护佑、还愿或地方信仰,2,2,2,3,2,3,14,中低怪诞,3,2,1,2,4,12,48.0,46.7,人相亲和型
55,0055,贵州,贵州·安顺,黄天强,武将护法类,忠勇、护法、征战或秩序维护,3,2,2,2,2,3,14,中低怪诞,3,2,2,2,2,11,44.0,46.7,人相亲和型
56,0056,贵州,贵州·安顺,黄天律,武将护法类,忠勇、护法、征战或秩序维护,3,2,2,2,2,3,14,中低怪诞,3,2,2,2,2,11,44.0,46.7,人相亲和型
57,0057,贵州,贵州·安顺,姚斌,组合或未归类,组合叙事或地方性角色,2,2,2,3,2,3,14,中低怪诞,2,2,1,2,3,10,40.0,46.7,人相亲和型
58,0058,贵州,贵州·安顺,乳仙,神灵信仰类,祈福、护佑、还愿或地方信仰,2,2,2,4,2,3,15,中低怪诞,3,2,1,2,5,13,52.0,50.0,驱邪震慑型
59,0059,贵州,贵州·安顺,董全,组合或未归类,组合叙事或地方性角色,3,2,2,2,2,3,14,中低怪诞,2,2,1,2,2,9,36.0,46.7,人相亲和型
60,0060,贵州,贵州·安顺,王亦,神灵信仰类,祈福、护佑、还愿或地方信仰,2,2,2,4,2,3,15,中低怪诞,3,2,1,2,4,12,48.0,50.0,戏谑异化型
61,0061,贵州,贵州·安顺,高青青,组合或未归类,组合叙事或地方性角色,2,2,2,2,2,3,13,中低怪诞,2,2,1,2,2,9,36.0,43.3,人相亲和型
62,0062,贵州,贵州·安顺,杨禁,组合或未归类,组合叙事或地方性角色,2,2,2,4,2,3,15,中低怪诞,2,2,1,2,4,11,44.0,50.0,戏谑异化型
63,0063,贵州,贵州·安顺,勃安,组合或未归类,组合叙事或地方性角色,2,2,2,2,2,3,13,中低怪诞,2,2,1,2,2,9,36.0,43.3,人相亲和型
64,0064,贵州,贵州·安顺,魔理海,组合或未归类,组合叙事或地方性角色,3,2,2,4,2,3,16,中低怪诞,2,2,1,2,4,11,44.0,53.3,戏谑异化型
65,0065,贵州,贵州·安顺,石天君,组合或未归类,组合叙事或地方性角色,2,2,2,3,2,3,14,中低怪诞,2,2,1,2,3,10,40.0,46.7,人相亲和型
66,0066,贵州,贵州·安顺,飞豹,兽面驱邪类,镇邪、威慑、护门或驱疫,5,4,4,2,3,3,21,中高怪诞,4,3,4,4,3,18,72.0,70.0,驱邪震慑型
67,0067,贵州,贵州·安顺,羽翼仙,组合或未归类,组合叙事或地方性角色,2,2,2,3,2,3,14,中低怪诞,2,2,1,2,3,10,40.0,46.7,人相亲和型
68,0068,贵州,贵州·安顺,陶荣,神灵信仰类,祈福、护佑、还愿或地方信仰,3,2,2,3,2,3,15,中低怪诞,3,2,1,2,4,12,48.0,50.0,戏谑异化型
69,0069,贵州,贵州·安顺,辛环,组合或未归类,组合叙事或地方性角色,3,3,2,2,2,3,15,中低怪诞,2,2,2,3,2,11,44.0,50.0,戏谑异化型
70,0070,贵州,贵州·安顺,马善,兽面驱邪类,镇邪、威慑、护门或驱疫,5,3,4,3,3,3,21,中高怪诞,4,3,3,4,4,18,72.0,70.0,驱邪震慑型
71,0071,贵州,贵州·安顺,邓忠,组合或未归类,组合叙事或地方性角色,3,3,2,4,2,3,17,中低怪诞,2,2,2,3,4,13,52.0,56.7,驱邪震慑型
72,0072,贵州,贵州·安顺,赵江,组合或未归类,组合叙事或地方性角色,2,2,2,2,2,2,12,低怪诞,2,2,1,2,2,9,36.0,40.0,人相亲和型
73,0073,贵州,贵州·安顺,赵江,武将护法类,忠勇、护法、征战或秩序维护,5,3,4,2,2,3,19,中高怪诞,3,2,3,3,3,14,56.0,63.3,驱邪震慑型
74,0074,贵州,贵州·安顺,秦完,组合或未归类,组合叙事或地方性角色,3,2,2,2,2,3,14,中低怪诞,2,2,1,2,2,9,36.0,46.7,人相亲和型
75,0075,贵州,贵州·安顺,黄滚,组合或未归类,组合叙事或地方性角色,3,2,2,4,2,3,16,中低怪诞,2,2,1,2,4,11,44.0,53.3,戏谑异化型
76,0076,贵州,贵州·安顺,陈奇,组合或未归类,组合叙事或地方性角色,3,3,3,2,2,3,16,中低怪诞,2,2,2,2,2,10,40.0,53.3,戏谑异化型
77,0077,贵州,贵州·安顺,孙寅,组合或未归类,组合叙事或地方性角色,2,2,2,3,2,3,14,中低怪诞,2,2,1,2,3,10,40.0,46.7,人相亲和型
78,0078,贵州,贵州·安顺,文王,神灵信仰类,祈福、护佑、还愿或地方信仰,2,2,2,3,2,3,14,中低怪诞,3,2,1,2,4,12,48.0,46.7,人相亲和型
79,0079,贵州,贵州·安顺,散宜生,组合或未归类,组合叙事或地方性角色,2,2,2,4,2,2,14,中低怪诞,2,2,1,2,4,11,44.0,46.7,人相亲和型
80,0080,贵州,贵州·安顺,佛祖,神灵信仰类,祈福、护佑、还愿或地方信仰,3,2,2,2,2,2,13,中低怪诞,3,2,1,2,3,11,44.0,43.3,人相亲和型
81,0081,贵州,贵州·安顺,吞口,兽面驱邪类,镇邪、威慑、护门或驱疫,5,4,4,3,3,2,21,中高怪诞,4,3,5,3,4,19,76.0,70.0,驱邪震慑型
82,0082,贵州,贵州·安顺,鱼嘴道人,神灵信仰类,祈福、护佑、还愿或地方信仰,2,2,2,4,2,2,14,中低怪诞,3,2,1,2,5,13,52.0,46.7,神圣威严型
83,0083,贵州,贵州·安顺,鱼嘴道人,组合或未归类,组合叙事或地方性角色,2,2,2,2,2,3,13,中低怪诞,2,2,1,2,2,9,36.0,43.3,人相亲和型
84,0084,贵州,贵州·安顺,关羽、张飞、杨继业,武将护法类,忠勇、护法、征战或秩序维护,3,3,2,2,3,2,15,中低怪诞,3,2,2,2,2,11,44.0,50.0,戏谑异化型
85,0085,贵州,贵州·安顺,兰陵王,武将护法类,忠勇、护法、征战或秩序维护,4,2,3,4,2,2,17,中低怪诞,3,2,2,2,5,14,56.0,56.7,驱邪震慑型
86,0086,贵州,贵州·安顺,兰陵王,武将护法类,忠勇、护法、征战或秩序维护,4,2,3,2,2,2,15,中低怪诞,3,2,2,2,3,12,48.0,50.0,戏谑异化型
87,0087,贵州,贵州·安顺,兰陵王,武将护法类,忠勇、护法、征战或秩序维护,4,2,3,3,2,2,16,中低怪诞,3,2,2,2,3,12,48.0,53.3,戏谑异化型
88,0088,贵州,贵州·遵义,铁匠,世俗戏曲人物类,戏剧情节、乡土人物或社会身份,2,2,2,3,2,1,12,低怪诞,1,1,1,1,3,7,28.0,40.0,人相亲和型
89,0089,贵州,贵州·遵义,龙三,神灵信仰类,祈福、护佑、还愿或地方信仰,3,2,2,4,2,2,15,中低怪诞,3,2,1,3,5,14,56.0,50.0,驱邪震慑型
90,0090,贵州,贵州·遵义,傩公,神灵信仰类,祈福、护佑、还愿或地方信仰,2,2,2,4,2,3,15,中低怪诞,3,2,1,2,5,13,52.0,50.0,驱邪震慑型
91,0091,贵州,贵州·遵义,判官,武将护法类,忠勇、护法、征战或秩序维护,3,2,2,4,2,2,15,中低怪诞,3,2,2,2,5,14,56.0,50.0,驱邪震慑型
92,0092,贵州,贵州·荔波,唐上元,组合或未归类,组合叙事或地方性角色,2,2,2,4,2,2,14,中低怪诞,2,2,1,2,4,11,44.0,46.7,人相亲和型
93,0093,贵州,贵州·荔波,婆王圣母,神灵信仰类,祈福、护佑、还愿或地方信仰,2,1,1,3,2,3,12,低怪诞,2,2,1,2,3,10,40.0,40.0,人相亲和型
94,0094,贵州,贵州·铜仁·德江,消灾和尚,世俗戏曲人物类,戏剧情节、乡土人物或社会身份,2,1,2,3,2,1,11,低怪诞,1,1,1,1,3,7,28.0,36.7,人相亲和型
95,0095,贵州,贵州·铜仁,龙王,神灵信仰类,祈福、护佑、还愿或地方信仰,3,2,2,3,2,3,15,中低怪诞,3,2,1,2,3,11,44.0,50.0,戏谑异化型
96,0096,贵州,贵州·铜仁,关公,武将护法类,忠勇、护法、征战或秩序维护,3,3,2,4,2,3,17,中低怪诞,3,3,2,2,5,15,60.0,56.7,驱邪震慑型
97,0097,贵州,贵州·铜仁,雷石匠,神灵信仰类,祈福、护佑、还愿或地方信仰,2,2,2,3,2,3,14,中低怪诞,3,2,1,2,3,11,44.0,46.7,人相亲和型
98,0098,贵州,贵州·铜仁,梵净山傩神,神灵信仰类,祈福、护佑、还愿或地方信仰,2,2,2,4,2,3,15,中低怪诞,3,2,1,2,5,13,52.0,50.0,驱邪震慑型
99,0099,贵州,贵州,关羽,武将护法类,忠勇、护法、征战或秩序维护,3,3,2,3,2,3,16,中低怪诞,3,3,2,2,3,13,52.0,53.3,驱邪震慑型
100,0100,贵州,贵州,龙须虎,兽面驱邪类,镇邪、威慑、护门或驱疫,5,4,4,4,3,3,23,中高怪诞,4,3,4,4,5,20,80.0,76.7,驱邪震慑型
101,0101,贵州,贵州,狮（虎）,兽面驱邪类,镇邪、威慑、护门或驱疫,5,4,4,4,3,4,24,中高怪诞,4,3,4,4,5,20,80.0,80.0,驱邪震慑型
102,0102,贵州,贵州,杨任,组合或未归类,组合叙事或地方性角色,2,2,2,4,2,3,15,中低怪诞,2,2,1,2,4,11,44.0,50.0,戏谑异化型
103,0103,贵州,贵州,钟馗,武将护法类,忠勇、护法、征战或秩序维护,3,2,2,4,2,2,15,中低怪诞,3,2,2,2,5,14,56.0,50.0,驱邪震慑型
104,0104,贵州,贵州,切加法王,神灵信仰类,祈福、护佑、还愿或地方信仰,3,2,4,4,2,2,17,中低怪诞,3,2,2,2,5,14,56.0,56.7,驱邪震慑型
105,0105,贵州,贵州,护法神,神灵信仰类,祈福、护佑、还愿或地方信仰,2,2,2,4,2,3,15,中低怪诞,3,2,1,2,5,13,52.0,50.0,驱邪震慑型
106,0106,贵州,贵州,撮泰吉,武将护法类,忠勇、护法、征战或秩序维护,3,2,2,3,2,3,15,中低怪诞,3,2,2,2,3,12,48.0,50.0,戏谑异化型
107,0107,贵州,贵州,莫一大王,神灵信仰类,祈福、护佑、还愿或地方信仰,2,2,2,3,2,3,14,中低怪诞,3,2,1,2,3,11,44.0,46.7,人相亲和型
108,0108,贵州,贵州,张龙,组合或未归类,组合叙事或地方性角色,3,2,2,4,2,2,15,中低怪诞,2,2,1,2,4,11,44.0,50.0,戏谑异化型
109,0109,贵州,贵州,麻洪摩,组合或未归类,组合叙事或地方性角色,2,2,2,2,2,3,13,中低怪诞,2,2,1,2,3,10,40.0,43.3,人相亲和型
110,0110,贵州,贵州,阿达姆,组合或未归类,组合叙事或地方性角色,2,2,2,3,2,2,13,中低怪诞,2,2,1,2,3,10,40.0,43.3,人相亲和型
111,0111,贵州,贵州,招魂使者,神灵信仰类,祈福、护佑、还愿或地方信仰,3,2,2,4,2,2,15,中低怪诞,3,2,1,2,4,12,48.0,50.0,戏谑异化型
112,0112,贵州,贵州,狮虎舞,兽面驱邪类,镇邪、威慑、护门或驱疫,5,4,4,4,3,2,22,中高怪诞,4,3,4,4,5,20,80.0,73.3,驱邪震慑型
113,0113,贵州,贵州,金兀术,组合或未归类,组合叙事或地方性角色,3,2,2,4,2,3,16,中低怪诞,2,2,1,2,4,11,44.0,53.3,戏谑异化型
114,0114,贵州,贵州,阿布摩,组合或未归类,组合叙事或地方性角色,2,2,2,2,2,3,13,中低怪诞,2,2,1,2,3,10,40.0,43.3,人相亲和型
115,0115,贵州,贵州,岳飞,武将护法类,忠勇、护法、征战或秩序维护,3,2,2,4,2,3,16,中低怪诞,3,2,2,2,5,14,56.0,53.3,驱邪震慑型
116,0116,贵州,贵州,二郎神,武将护法类,忠勇、护法、征战或秩序维护,3,2,2,4,2,2,15,中低怪诞,3,2,2,2,4,13,52.0,50.0,驱邪震慑型
117,0117,贵州,贵州,南阎王,神灵信仰类,祈福、护佑、还愿或地方信仰,2,2,2,4,2,3,15,中低怪诞,3,2,1,2,4,12,48.0,50.0,戏谑异化型
118,0118,贵州,贵州,汉朝将军,武将护法类,忠勇、护法、征战或秩序维护,3,2,2,3,2,3,15,中低怪诞,3,2,2,2,3,12,48.0,50.0,戏谑异化型
119,0119,贵州,贵州,汉朝将军,武将护法类,忠勇、护法、征战或秩序维护,3,2,2,4,2,3,16,中低怪诞,3,2,2,2,5,14,56.0,53.3,驱邪震慑型
120,0120,贵州,贵州,秦叔宝,武将护法类,忠勇、护法、征战或秩序维护,2,2,2,4,2,3,15,中低怪诞,3,2,2,2,5,14,56.0,50.0,驱邪震慑型
121,0121,贵州,贵州,领兵土地,神灵信仰类,祈福、护佑、还愿或地方信仰,2,2,2,4,2,2,14,中低怪诞,3,2,1,2,4,12,48.0,46.7,人相亲和型
122,0122,贵州,贵州,开路,组合或未归类,组合叙事或地方性角色,2,2,2,4,2,2,14,中低怪诞,2,2,1,2,5,12,48.0,46.7,人相亲和型
123,0123,贵州,贵州,和尚,世俗戏曲人物类,戏剧情节、乡土人物或社会身份,2,1,2,4,2,3,14,中低怪诞,1,1,1,2,5,10,40.0,46.7,人相亲和型
124,0124,贵州,贵州,寿星,神灵信仰类,祈福、护佑、还愿或地方信仰,2,1,2,4,2,3,14,中低怪诞,2,2,1,2,4,11,44.0,46.7,人相亲和型
125,0125,贵州,贵州,魔理寿,组合或未归类,组合叙事或地方性角色,2,2,2,3,2,3,14,中低怪诞,2,2,1,2,3,10,40.0,46.7,人相亲和型
126,0126,贵州,贵州,火把节,组合或未归类,组合叙事或地方性角色,2,2,2,4,2,2,14,中低怪诞,2,2,1,2,5,12,48.0,46.7,人相亲和型
127,0127,贵州,贵州,阿布摩、麻洪摩、赫布、阿达姆、阿安,组合或未归类,组合叙事或地方性角色,2,2,2,2,2,3,13,中低怪诞,2,2,1,2,3,10,40.0,43.3,人相亲和型
128,0128,贵州,贵州,狗头,兽面驱邪类,镇邪、威慑、护门或驱疫,5,4,4,4,3,2,22,中高怪诞,4,3,4,3,5,19,76.0,73.3,驱邪震慑型
129,0129,贵州,贵州,撮泰吉祭祀系列,武将护法类,忠勇、护法、征战或秩序维护,3,2,2,4,2,3,16,中低怪诞,3,2,2,2,4,13,52.0,53.3,驱邪震慑型
130,0130,贵州,贵州,马华光（灵官）,兽面驱邪类,镇邪、威慑、护门或驱疫,5,3,4,2,3,2,19,中高怪诞,4,3,3,3,3,16,64.0,63.3,驱邪震慑型
131,0131,贵州,贵州,葛中元,组合或未归类,组合叙事或地方性角色,2,2,2,3,2,2,13,中低怪诞,2,2,1,2,3,10,40.0,43.3,人相亲和型
132,0132,贵州,贵州,歪嘴和尚,世俗戏曲人物类,戏剧情节、乡土人物或社会身份,2,2,3,4,2,1,14,中低怪诞,1,1,1,2,4,9,36.0,46.7,人相亲和型
133,0133,贵州,贵州,阿布摩,组合或未归类,组合叙事或地方性角色,2,2,2,4,3,2,15,中低怪诞,2,2,1,2,4,11,44.0,50.0,戏谑异化型
134,0134,湖北,湖北·恩施·鹤峰,傩公、傩母,神灵信仰类,祈福、护佑、还愿或地方信仰,2,1,1,4,2,4,14,中低怪诞,2,2,1,2,5,12,48.0,46.7,人相亲和型
135,0135,湖北,湖北·恩施,方相氏、傩王、雷公,神灵信仰类,祈福、护佑、还愿或地方信仰,4,2,3,2,3,3,17,中低怪诞,3,2,1,2,3,11,44.0,56.7,戏谑异化型
136,0136,湖北,湖北·恩施,吊颈鬼,组合或未归类,组合叙事或地方性角色,3,2,2,2,2,2,13,中低怪诞,2,2,1,2,2,9,36.0,43.3,人相亲和型
137,0137,湖北,湖北·恩施,阴阳太,组合或未归类,组合叙事或地方性角色,2,2,2,4,2,3,15,中低怪诞,2,2,1,2,4,11,44.0,50.0,戏谑异化型
138,0138,湖北,湖北·恩施,雷震子,组合或未归类,组合叙事或地方性角色,3,2,2,4,2,2,15,中低怪诞,2,2,1,2,5,12,48.0,50.0,戏谑异化型
139,0139,湖北,湖北·恩施,猪八戒、牛王、方弼、杨任,兽面驱邪类,镇邪、威慑、护门或驱疫,5,4,4,4,3,3,23,中高怪诞,4,3,4,3,4,18,72.0,76.7,驱邪震慑型
140,0140,湖北,湖北·恩施,斗口灵官马元帅,兽面驱邪类,镇邪、威慑、护门或驱疫,5,3,4,4,4,3,23,中高怪诞,4,3,3,4,5,19,76.0,76.7,驱邪震慑型
141,0141,湖北,湖北·恩施,乡约,组合或未归类,组合叙事或地方性角色,2,2,1,4,2,2,13,中低怪诞,2,2,1,2,4,11,44.0,43.3,人相亲和型
142,0142,湖北,湖北·恩施,笑罗汉,神灵信仰类,祈福、护佑、还愿或地方信仰,2,1,2,3,2,2,12,低怪诞,2,2,1,2,3,10,40.0,40.0,人相亲和型
143,0143,湖北,湖北·恩施,天门土地,神灵信仰类,祈福、护佑、还愿或地方信仰,2,2,2,2,2,2,12,低怪诞,3,2,1,2,3,11,44.0,40.0,人相亲和型
144,0144,湖北,湖北·恩施,铁匠,世俗戏曲人物类,戏剧情节、乡土人物或社会身份,2,2,2,3,2,1,12,低怪诞,1,1,1,1,3,7,28.0,40.0,人相亲和型
145,0145,湖北,湖北·恩施,水界土地,神灵信仰类,祈福、护佑、还愿或地方信仰,2,2,2,4,2,2,14,中低怪诞,3,2,1,2,4,12,48.0,46.7,人相亲和型
146,0146,湖北,湖北·恩施,歪嘴和尚,世俗戏曲人物类,戏剧情节、乡土人物或社会身份,2,2,3,3,2,1,13,中低怪诞,1,1,1,2,3,8,32.0,43.3,人相亲和型
147,0147,湖北,湖北·恩施,领兵土地,神灵信仰类,祈福、护佑、还愿或地方信仰,2,2,2,2,2,3,13,中低怪诞,3,2,1,2,3,11,44.0,43.3,人相亲和型
148,0148,湖北,湖北·恩施,山羊神,兽面驱邪类,镇邪、威慑、护门或驱疫,5,4,4,4,4,2,23,中高怪诞,4,3,4,4,5,20,80.0,76.7,驱邪震慑型
149,0149,湖北,湖北·恩施,城隍土地,神灵信仰类,祈福、护佑、还愿或地方信仰,2,2,2,4,2,3,15,中低怪诞,3,2,1,2,4,12,48.0,50.0,戏谑异化型
150,0150,湖北,湖北·恩施,黄花夫人,世俗戏曲人物类,戏剧情节、乡土人物或社会身份,2,1,1,4,2,3,13,中低怪诞,1,1,1,1,4,8,32.0,43.3,人相亲和型
151,0151,湖北,湖北·恩施,红脸判官,武将护法类,忠勇、护法、征战或秩序维护,3,2,2,4,2,3,16,中低怪诞,3,2,2,2,5,14,56.0,53.3,驱邪震慑型
152,0152,湖北,湖北·恩施,赵虎,兽面驱邪类,镇邪、威慑、护门或驱疫,5,4,4,4,3,3,23,中高怪诞,4,3,4,4,5,20,80.0,76.7,驱邪震慑型
153,0153,湖北,湖北·恩施,方弼,组合或未归类,组合叙事或地方性角色,2,2,2,4,2,3,15,中低怪诞,2,2,1,2,4,11,44.0,50.0,戏谑异化型
154,0154,湖北,湖北·恩施,关济相公,神灵信仰类,祈福、护佑、还愿或地方信仰,2,2,2,4,2,3,15,中低怪诞,3,2,1,2,5,13,52.0,50.0,驱邪震慑型
155,0155,湖北,湖北·恩施,雷震子,武将护法类,忠勇、护法、征战或秩序维护,3,2,2,4,2,2,15,中低怪诞,3,2,2,2,4,13,52.0,50.0,驱邪震慑型
156,0156,湖北,湖北,杨泗,组合或未归类,组合叙事或地方性角色,2,2,2,2,2,3,13,中低怪诞,2,2,1,2,2,9,36.0,43.3,人相亲和型
157,0157,湖北,湖北,虎头吞口,兽面驱邪类,镇邪、威慑、护门或驱疫,5,4,5,4,3,2,23,中高怪诞,4,3,5,4,5,21,84.0,76.7,驱邪震慑型
158,0158,湖北,湖北,茶圣陆羽,组合或未归类,组合叙事或地方性角色,2,2,2,4,2,3,15,中低怪诞,2,2,1,2,4,11,44.0,50.0,戏谑异化型
159,0159,湖南,湖南·湘西,八郎,神灵信仰类,祈福、护佑、还愿或地方信仰,2,2,2,3,2,2,13,中低怪诞,3,2,1,2,4,12,48.0,43.3,人相亲和型
160,0160,湖南,湖南·湘西,貂蝉,组合或未归类,组合叙事或地方性角色,2,2,2,4,2,2,14,中低怪诞,2,2,1,2,4,11,44.0,46.7,人相亲和型
161,0161,湖南,湖南·湘西,瞎子,神灵信仰类,祈福、护佑、还愿或地方信仰,2,2,1,3,2,2,12,低怪诞,3,2,1,2,4,12,48.0,40.0,人相亲和型
162,0162,湖南,湖南·湘西,瞎子,组合或未归类,组合叙事或地方性角色,2,2,2,4,2,3,15,中低怪诞,2,2,1,2,4,11,44.0,50.0,戏谑异化型
163,0163,湖南,湖南·湘西,讨糍粑的瞎子,组合或未归类,组合叙事或地方性角色,2,2,1,4,2,3,14,中低怪诞,2,2,1,2,4,11,44.0,46.7,人相亲和型
164,0164,湖南,湖南·湘西,风神、雨师,神灵信仰类,祈福、护佑、还愿或地方信仰,2,2,2,3,2,3,14,中低怪诞,3,2,1,2,4,12,48.0,46.7,人相亲和型
165,0165,湖南,湖南·湘西,傩公,神灵信仰类,祈福、护佑、还愿或地方信仰,2,2,2,4,2,3,15,中低怪诞,3,2,1,2,4,12,48.0,50.0,戏谑异化型
166,0166,湖南,湖南·湘西,傩母,神灵信仰类,祈福、护佑、还愿或地方信仰,2,1,1,4,2,4,14,中低怪诞,2,2,1,2,5,12,48.0,46.7,人相亲和型
167,0167,湖南,湖南·湘西,牛,兽面驱邪类,镇邪、威慑、护门或驱疫,5,4,4,2,3,3,21,中高怪诞,4,3,4,3,3,17,68.0,70.0,驱邪震慑型
168,0168,湖南,湖南·湘西,鼠,兽面驱邪类,镇邪、威慑、护门或驱疫,5,3,4,2,4,3,21,中高怪诞,4,3,3,4,3,17,68.0,70.0,驱邪震慑型
169,0169,湖南,湖南·湘西,兔,兽面驱邪类,镇邪、威慑、护门或驱疫,5,3,4,2,4,3,21,中高怪诞,4,3,3,4,3,17,68.0,70.0,驱邪震慑型
170,0170,湖南,湖南·湘西,龙,组合或未归类,组合叙事或地方性角色,4,2,2,4,2,3,17,中低怪诞,2,2,1,2,4,11,44.0,56.7,戏谑异化型
171,0171,湖南,湖南·湘西,狗,兽面驱邪类,镇邪、威慑、护门或驱疫,5,4,4,4,3,3,23,中高怪诞,4,3,4,3,5,19,76.0,76.7,驱邪震慑型
172,0172,湖南,湖南·湘西,猪,兽面驱邪类,镇邪、威慑、护门或驱疫,5,4,4,2,3,3,21,中高怪诞,4,3,4,3,3,17,68.0,70.0,驱邪震慑型
173,0173,湖南,湖南·湘西,判官,武将护法类,忠勇、护法、征战或秩序维护,3,2,2,4,2,3,16,中低怪诞,3,2,2,2,5,14,56.0,53.3,驱邪震慑型
174,0174,湖南,湖南,柳三,世俗戏曲人物类,戏剧情节、乡土人物或社会身份,2,2,2,4,2,3,15,中低怪诞,1,1,1,2,4,9,36.0,50.0,戏谑异化型
175,0175,湖南,湖南,韩信,组合或未归类,组合叙事或地方性角色,2,2,2,4,2,3,15,中低怪诞,2,2,1,2,4,11,44.0,50.0,戏谑异化型
176,0176,湖南,湖南,阴无常,武将护法类,忠勇、护法、征战或秩序维护,4,2,2,3,2,3,16,中低怪诞,3,2,2,2,3,12,48.0,53.3,戏谑异化型
177,0177,湖南,湖南,傩公傩母,神灵信仰类,祈福、护佑、还愿或地方信仰,2,1,1,4,2,4,14,中低怪诞,2,2,1,2,5,12,48.0,46.7,人相亲和型
178,0178,湖南,湖南,韩王韩信,神灵信仰类,祈福、护佑、还愿或地方信仰,3,2,1,3,1,3,13,中低怪诞,3,2,1,2,4,12,48.0,43.3,人相亲和型
179,0179,湖南,湖南,猖将,武将护法类,忠勇、护法、征战或秩序维护,3,2,2,4,2,3,16,中低怪诞,3,2,2,2,5,14,56.0,53.3,驱邪震慑型
180,0180,湖南,湖南,开山,武将护法类,忠勇、护法、征战或秩序维护,4,2,2,4,2,3,17,中低怪诞,3,2,2,2,4,13,52.0,56.7,驱邪震慑型
181,0181,湖南,湖南,小丑,组合或未归类,组合叙事或地方性角色,3,2,2,3,3,3,16,中低怪诞,2,2,1,2,4,11,44.0,53.3,戏谑异化型
182,0182,湖南,湖南,判官,武将护法类,忠勇、护法、征战或秩序维护,4,2,2,3,2,3,16,中低怪诞,3,2,2,2,3,12,48.0,53.3,戏谑异化型
183,0183,湖南,湖南,土地,神灵信仰类,祈福、护佑、还愿或地方信仰,2,2,2,4,2,2,14,中低怪诞,3,2,1,2,5,13,52.0,46.7,神圣威严型
184,0184,湖南,湖南,和尚,世俗戏曲人物类,戏剧情节、乡土人物或社会身份,2,1,2,4,2,1,12,低怪诞,1,1,1,2,4,9,36.0,40.0,人相亲和型
185,0185,湖南,湖南,和尚,世俗戏曲人物类,戏剧情节、乡土人物或社会身份,2,2,3,4,2,1,14,中低怪诞,1,1,1,1,4,8,32.0,46.7,人相亲和型
186,0186,湖南,湖南,和尚,世俗戏曲人物类,戏剧情节、乡土人物或社会身份,2,2,3,4,2,1,14,中低怪诞,1,1,1,1,4,8,32.0,46.7,人相亲和型
187,0187,湖南,湖南,佚名,神灵信仰类,祈福、护佑、还愿或地方信仰,2,2,1,4,2,2,13,中低怪诞,3,2,1,2,5,13,52.0,43.3,神圣威严型
188,0188,江西,江西·南丰,开山,武将护法类,忠勇、护法、征战或秩序维护,3,2,2,3,2,3,15,中低怪诞,3,2,2,2,3,12,48.0,50.0,戏谑异化型
189,0189,江西,江西·南丰,白祗,神灵信仰类,祈福、护佑、还愿或地方信仰,2,2,2,2,2,3,13,中低怪诞,3,2,1,2,3,11,44.0,43.3,人相亲和型
190,0190,江西,江西·南丰,鹰哥元帅,武将护法类,忠勇、护法、征战或秩序维护,3,2,2,2,2,3,14,中低怪诞,3,2,2,2,3,12,48.0,46.7,人相亲和型
191,0191,江西,江西·南丰,田螺大王,神灵信仰类,祈福、护佑、还愿或地方信仰,2,2,2,2,2,3,13,中低怪诞,3,2,1,2,3,11,44.0,43.3,人相亲和型
192,0192,江西,江西·南丰,雷公,神灵信仰类,祈福、护佑、还愿或地方信仰,2,2,2,3,2,3,14,中低怪诞,3,2,1,2,4,12,48.0,46.7,人相亲和型
193,0193,江西,江西·南丰,钟馗,武将护法类,忠勇、护法、征战或秩序维护,3,2,2,2,2,3,14,中低怪诞,3,2,2,2,3,12,48.0,46.7,人相亲和型
194,0194,江西,江西·南丰,财神,神灵信仰类,祈福、护佑、还愿或地方信仰,2,2,2,2,2,3,13,中低怪诞,3,2,1,2,3,11,44.0,43.3,人相亲和型
195,0195,江西,江西·南丰,关羽关元帅,武将护法类,忠勇、护法、征战或秩序维护,3,2,2,2,2,3,14,中低怪诞,3,2,2,2,3,12,48.0,46.7,人相亲和型
196,0196,江西,江西·南丰,福星,神灵信仰类,祈福、护佑、还愿或地方信仰,3,2,2,2,3,2,14,中低怪诞,2,2,1,3,3,11,44.0,46.7,人相亲和型
197,0197,江西,江西·南丰,禄星,神灵信仰类,祈福、护佑、还愿或地方信仰,2,1,2,2,2,2,11,低怪诞,2,2,1,2,3,10,40.0,36.7,人相亲和型
198,0198,江西,江西·南丰,福星,神灵信仰类,祈福、护佑、还愿或地方信仰,2,1,2,2,2,2,11,低怪诞,2,2,1,2,3,10,40.0,36.7,人相亲和型
199,0199,江西,江西·南丰,女娲,神灵信仰类,祈福、护佑、还愿或地方信仰,2,2,2,2,2,2,12,低怪诞,3,2,1,2,3,11,44.0,40.0,人相亲和型
200,0200,江西,江西·南丰,龙王,神灵信仰类,祈福、护佑、还愿或地方信仰,3,2,2,3,2,3,15,中低怪诞,3,2,1,3,4,13,52.0,50.0,驱邪震慑型
201,0201,江西,江西·南丰,弥勒佛,神灵信仰类,祈福、护佑、还愿或地方信仰,2,1,2,2,2,2,11,低怪诞,2,2,1,2,3,10,40.0,36.7,人相亲和型
202,0202,江西,江西·南丰,韩湘子,神灵信仰类,祈福、护佑、还愿或地方信仰,2,2,1,2,2,2,11,低怪诞,3,2,1,2,3,11,44.0,36.7,人相亲和型
203,0203,江西,江西·南丰,孙悟空,神灵信仰类,祈福、护佑、还愿或地方信仰,2,2,2,2,2,3,13,中低怪诞,3,2,1,2,3,11,44.0,43.3,人相亲和型
204,0204,江西,江西·南丰,猪八戒,兽面驱邪类,镇邪、威慑、护门或驱疫,5,4,4,2,3,2,20,中高怪诞,4,3,4,3,3,17,68.0,66.7,驱邪震慑型
205,0205,江西,江西·南丰,沙和尚,世俗戏曲人物类,戏剧情节、乡土人物或社会身份,2,1,2,2,2,3,12,低怪诞,1,1,1,2,3,8,32.0,40.0,人相亲和型
206,0206,江西,江西·南丰,老渔翁,世俗戏曲人物类,戏剧情节、乡土人物或社会身份,2,2,2,2,2,1,11,低怪诞,2,1,1,2,2,8,32.0,36.7,人相亲和型
207,0207,江西,江西·南丰,小妮姑、和尚,世俗戏曲人物类,戏剧情节、乡土人物或社会身份,2,2,2,2,3,1,12,低怪诞,1,1,1,2,3,8,32.0,40.0,人相亲和型
208,0208,江西,江西·南丰,雷公,神灵信仰类,祈福、护佑、还愿或地方信仰,4,2,2,4,2,3,17,中低怪诞,3,2,1,2,5,13,52.0,56.7,驱邪震慑型
209,0209,江西,江西·南丰,魁星,神灵信仰类,祈福、护佑、还愿或地方信仰,2,2,2,4,2,3,15,中低怪诞,3,2,1,2,5,13,52.0,50.0,驱邪震慑型
210,0210,江西,江西·南丰,关羽,武将护法类,忠勇、护法、征战或秩序维护,3,2,2,2,2,3,14,中低怪诞,3,2,2,2,3,12,48.0,46.7,人相亲和型
211,0211,江西,江西·南丰,开山莽将,武将护法类,忠勇、护法、征战或秩序维护,3,4,3,4,2,2,18,中低怪诞,3,2,3,4,5,17,68.0,60.0,驱邪震慑型
212,0212,江西,江西·南丰,鲍三娘,神灵信仰类,祈福、护佑、还愿或地方信仰,2,1,1,3,2,2,11,低怪诞,2,2,1,2,3,10,40.0,36.7,人相亲和型
213,0213,江西,江西·南丰,黎山老母（骊山老母）,神灵信仰类,祈福、护佑、还愿或地方信仰,2,1,1,4,2,2,12,低怪诞,2,2,1,2,5,12,48.0,40.0,人相亲和型
214,0214,江西,江西·南丰,先锋小姐,武将护法类,忠勇、护法、征战或秩序维护,3,2,2,2,3,3,15,中低怪诞,2,2,2,3,3,12,48.0,50.0,戏谑异化型
215,0215,江西,江西·南丰,唐氏太婆（唐氏仙娘）,神灵信仰类,祈福、护佑、还愿或地方信仰,2,1,2,4,2,4,15,中低怪诞,2,2,1,2,5,12,48.0,50.0,戏谑异化型
216,0216,江西,江西·南丰,花婆神,神灵信仰类,祈福、护佑、还愿或地方信仰,3,1,1,4,2,4,15,中低怪诞,2,2,1,2,5,12,48.0,50.0,戏谑异化型
217,0217,江西,江西·南丰,殷郊,武将护法类,忠勇、护法、征战或秩序维护,3,2,2,4,2,3,16,中低怪诞,3,2,2,2,5,14,56.0,53.3,驱邪震慑型
218,0218,江西,江西·南丰,杨任,组合或未归类,组合叙事或地方性角色,2,2,2,4,2,3,15,中低怪诞,2,2,1,2,4,11,44.0,50.0,戏谑异化型
219,0219,江西,江西·南丰（推定）,唐氏太婆（唐氏仙娘）,神灵信仰类,祈福、护佑、还愿或地方信仰,2,1,2,4,2,2,13,中低怪诞,2,2,1,2,5,12,48.0,43.3,人相亲和型
220,0220,江西,江西·南丰（推定）,先锋小姐,武将护法类,忠勇、护法、征战或秩序维护,3,2,2,4,3,2,16,中低怪诞,2,2,2,2,5,13,52.0,53.3,驱邪震慑型
221,0221,江西,江西·南丰（推定）,甘生八郎,神灵信仰类,祈福、护佑、还愿或地方信仰,2,2,2,2,2,2,12,低怪诞,3,2,1,2,3,11,44.0,40.0,人相亲和型
222,0222,江西,江西·南丰（推定）,歪嘴秦童,世俗戏曲人物类,戏剧情节、乡土人物或社会身份,2,2,3,4,2,1,14,中低怪诞,1,1,1,2,4,9,36.0,46.7,人相亲和型
223,0223,江西,江西·南丰（推定）,秦童娘子,神灵信仰类,祈福、护佑、还愿或地方信仰,2,2,2,4,2,2,14,中低怪诞,2,2,1,2,5,12,48.0,46.7,人相亲和型
224,0224,江西,江西·南丰（推定）,开山猛将,武将护法类,忠勇、护法、征战或秩序维护,3,4,3,4,2,2,18,中低怪诞,3,2,3,4,4,16,64.0,60.0,驱邪震慑型
225,0225,江西,江西·南丰（推定）,开路将军,武将护法类,忠勇、护法、征战或秩序维护,3,4,3,3,2,3,18,中低怪诞,3,2,3,3,4,15,60.0,60.0,驱邪震慑型
226,0226,江西,江西·南丰（推定）,勾簿判官,武将护法类,忠勇、护法、征战或秩序维护,3,4,3,4,2,2,18,中低怪诞,3,2,3,4,4,16,64.0,60.0,驱邪震慑型
227,0227,江西,江西·南丰（推定）,二郎神,武将护法类,忠勇、护法、征战或秩序维护,3,2,2,4,2,3,16,中低怪诞,3,2,2,2,5,14,56.0,53.3,驱邪震慑型
228,0228,江西,江西·南丰（推定）,炳灵太子,世俗戏曲人物类,戏剧情节、乡土人物或社会身份,1,2,1,4,1,3,12,低怪诞,2,1,1,1,4,9,36.0,40.0,人相亲和型
229,0229,江西,江西·南丰（推定）,孽龙,兽面驱邪类,镇邪、威慑、护门或驱疫,5,5,5,3,4,4,26,高怪诞,5,3,5,5,4,22,88.0,86.7,驱邪震慑型
230,0230,江西,江西·南丰（推定）,文王卦师,神灵信仰类,祈福、护佑、还愿或地方信仰,2,2,2,3,2,3,14,中低怪诞,3,2,1,2,4,12,48.0,46.7,人相亲和型
231,0231,江西,江西·南丰（推定）,尖角将军,武将护法类,忠勇、护法、征战或秩序维护,3,2,2,2,3,3,15,中低怪诞,3,2,2,3,2,12,48.0,50.0,戏谑异化型
232,0232,江西,江西·南丰（推定）,幺儿媳妇,世俗戏曲人物类,戏剧情节、乡土人物或社会身份,2,2,2,2,2,3,13,中低怪诞,1,1,1,2,2,7,28.0,43.3,人相亲和型
233,0233,江西,江西·南丰（推定）,霸王（大王）,神灵信仰类,祈福、护佑、还愿或地方信仰,2,2,2,4,2,3,15,中低怪诞,3,2,1,2,4,12,48.0,50.0,戏谑异化型
234,0234,江西,江西·南丰（推定）,报事,组合或未归类,组合叙事或地方性角色,3,2,2,2,2,3,14,中低怪诞,2,2,1,2,2,9,36.0,46.7,人相亲和型
235,0235,江西,江西·南丰（推定）,李龙,组合或未归类,组合叙事或地方性角色,3,2,2,4,2,3,16,中低怪诞,2,2,1,2,4,11,44.0,53.3,戏谑异化型
236,0236,江西,江西·南丰（推定）,秦童娘子,神灵信仰类,祈福、护佑、还愿或地方信仰,3,2,1,4,3,4,17,中低怪诞,2,2,1,2,4,11,44.0,56.7,戏谑异化型
237,0237,江西,江西·南丰（推定）,温元帅,武将护法类,忠勇、护法、征战或秩序维护,3,2,2,3,2,3,15,中低怪诞,3,2,2,2,3,12,48.0,50.0,戏谑异化型
238,0238,江西,江西·南丰（推定）,王灵官,武将护法类,忠勇、护法、征战或秩序维护,3,2,2,4,2,3,16,中低怪诞,3,2,2,2,5,14,56.0,53.3,驱邪震慑型
239,0239,江西,江西·南丰（推定）,功曹,神灵信仰类,祈福、护佑、还愿或地方信仰,2,2,2,4,2,3,15,中低怪诞,3,2,1,2,5,13,52.0,50.0,驱邪震慑型
240,0240,江西,江西·南丰（推定）,判官,武将护法类,忠勇、护法、征战或秩序维护,3,2,2,4,2,3,16,中低怪诞,3,2,2,2,4,13,52.0,53.3,驱邪震慑型
241,0241,江西,江西·南丰（推定）,梅山大王,神灵信仰类,祈福、护佑、还愿或地方信仰,2,2,1,4,2,3,14,中低怪诞,3,2,1,2,5,13,52.0,46.7,神圣威严型
242,0242,江西,江西·南丰（推定）,小鬼,组合或未归类,组合叙事或地方性角色,3,2,2,4,2,3,16,中低怪诞,2,2,1,2,4,11,44.0,53.3,戏谑异化型
243,0243,江西,江西·南丰（推定）,甘生八郎,神灵信仰类,祈福、护佑、还愿或地方信仰,2,2,2,3,2,2,13,中低怪诞,3,2,1,2,3,11,44.0,43.3,人相亲和型
244,0244,江西,江西·南丰（推定）,猪嘴神,兽面驱邪类,镇邪、威慑、护门或驱疫,5,4,4,4,3,2,22,中高怪诞,4,3,4,3,5,19,76.0,73.3,驱邪震慑型
245,0245,江西,江西·南丰（推定）,鸡嘴神,兽面驱邪类,镇邪、威慑、护门或驱疫,4,4,4,4,3,2,21,中高怪诞,4,3,4,3,5,19,76.0,70.0,驱邪震慑型
246,0246,江西,江西·南丰（推定）,包公,神灵信仰类,祈福、护佑、还愿或地方信仰,4,2,2,4,2,2,16,中低怪诞,3,2,1,2,5,13,52.0,53.3,驱邪震慑型
247,0247,江西,江西·南丰（推定）,唐将军,武将护法类,忠勇、护法、征战或秩序维护,3,2,2,4,2,2,15,中低怪诞,3,2,2,2,5,14,56.0,50.0,驱邪震慑型
248,0248,江西,江西·南丰（推定）,葛将军,武将护法类,忠勇、护法、征战或秩序维护,3,2,2,4,2,3,16,中低怪诞,3,2,2,2,5,14,56.0,53.3,驱邪震慑型
249,0249,江西,江西·南丰（推定）,孽龙,兽面驱邪类,镇邪、威慑、护门或驱疫,5,4,4,4,4,2,23,中高怪诞,4,3,4,4,5,20,80.0,76.7,驱邪震慑型
250,0250,江西,江西·南丰（推定）,山王,神灵信仰类,祈福、护佑、还愿或地方信仰,3,2,2,4,2,2,15,中低怪诞,3,2,1,3,5,14,56.0,50.0,驱邪震慑型
251,0251,江西,江西·南丰（推定）,歪嘴秦童,组合或未归类,组合叙事或地方性角色,2,3,3,4,2,3,17,中低怪诞,2,2,1,2,5,12,48.0,56.7,戏谑异化型
252,0252,江西,江西·南丰（推定）,周仓,组合或未归类,组合叙事或地方性角色,3,3,2,4,2,3,17,中低怪诞,2,2,2,3,4,13,52.0,56.7,驱邪震慑型
253,0253,江西,江西·南丰（推定）,山王,神灵信仰类,祈福、护佑、还愿或地方信仰,2,2,2,4,2,3,15,中低怪诞,3,2,1,2,5,13,52.0,50.0,驱邪震慑型
254,0254,江西,江西·南丰（推定）,嘿布,组合或未归类,组合叙事或地方性角色,3,2,2,3,3,3,16,中低怪诞,2,2,1,2,3,10,40.0,53.3,戏谑异化型
255,0255,江西,江西·南丰（推定）,关羽,武将护法类,忠勇、护法、征战或秩序维护,3,2,2,4,2,3,16,中低怪诞,3,2,2,2,4,13,52.0,53.3,驱邪震慑型
256,0256,江西,江西·南丰（推定）,邓大元帅,武将护法类,忠勇、护法、征战或秩序维护,3,2,2,4,2,2,15,中低怪诞,3,2,2,2,4,13,52.0,50.0,驱邪震慑型
257,0257,江西,江西·南丰（推定）,开山,武将护法类,忠勇、护法、征战或秩序维护,4,4,4,3,3,3,21,中高怪诞,3,2,3,4,3,15,60.0,70.0,驱邪震慑型
258,0258,江西,江西·南丰（推定）,先锋小姐,武将护法类,忠勇、护法、征战或秩序维护,3,2,2,4,3,2,16,中低怪诞,2,2,2,3,5,14,56.0,53.3,驱邪震慑型
259,0259,江西,江西·南丰（推定）,秋姑婆,神灵信仰类,祈福、护佑、还愿或地方信仰,2,1,1,4,2,2,12,低怪诞,2,2,1,2,5,12,48.0,40.0,人相亲和型
260,0260,江西,江西·南丰（推定）,安安,世俗戏曲人物类,戏剧情节、乡土人物或社会身份,2,2,2,4,2,1,13,中低怪诞,1,1,1,1,4,8,32.0,43.3,人相亲和型
261,0261,江西,江西·南丰（推定）,土地,神灵信仰类,祈福、护佑、还愿或地方信仰,2,2,2,3,2,2,13,中低怪诞,3,2,1,2,3,11,44.0,43.3,人相亲和型
262,0262,江西,江西·南丰（推定）,幺儿媳妇,世俗戏曲人物类,戏剧情节、乡土人物或社会身份,2,2,2,4,2,1,13,中低怪诞,1,1,1,2,4,9,36.0,43.3,人相亲和型
263,0263,江西,江西·南丰（推定）,灵官,武将护法类,忠勇、护法、征战或秩序维护,4,2,2,2,2,2,14,中低怪诞,3,2,2,2,3,12,48.0,46.7,人相亲和型
264,0264,江西,江西·南丰（推定）,撵路狗,兽面驱邪类,镇邪、威慑、护门或驱疫,5,4,4,4,4,2,23,中高怪诞,4,3,4,4,5,20,80.0,76.7,驱邪震慑型
265,0265,江西,江西·南丰（推定）,秦童娘子,神灵信仰类,祈福、护佑、还愿或地方信仰,2,2,2,4,2,2,14,中低怪诞,2,2,1,2,5,12,48.0,46.7,人相亲和型
266,0266,江西,江西·南丰（推定）,秦童,组合或未归类,组合叙事或地方性角色,2,3,3,3,2,2,15,中低怪诞,2,2,1,2,3,10,40.0,50.0,戏谑异化型
267,0267,江西,江西·南丰（推定）,开山莽将,武将护法类,忠勇、护法、征战或秩序维护,3,2,2,4,2,3,16,中低怪诞,3,2,2,2,5,14,56.0,53.3,驱邪震慑型
268,0268,江西,江西·南丰（推定）,幺妹,神灵信仰类,祈福、护佑、还愿或地方信仰,2,2,2,3,2,3,14,中低怪诞,3,2,1,2,4,12,48.0,46.7,人相亲和型
269,0269,江西,江西·南丰（推定）,寻海,组合或未归类,组合叙事或地方性角色,2,3,3,4,2,2,16,中低怪诞,2,2,2,3,4,13,52.0,53.3,驱邪震慑型
270,0270,江西,江西·南丰（推定）,岳金屏,神灵信仰类,祈福、护佑、还愿或地方信仰,2,2,2,3,2,2,13,中低怪诞,3,2,1,2,4,12,48.0,43.3,人相亲和型
271,0271,江西,江西·南丰（推定）,傩公,神灵信仰类,祈福、护佑、还愿或地方信仰,2,2,2,4,2,3,15,中低怪诞,3,2,1,2,5,13,52.0,50.0,驱邪震慑型
272,0272,江西,江西·南丰（推定）,傩公（东山圣公）,神灵信仰类,祈福、护佑、还愿或地方信仰,2,2,2,4,3,4,17,中低怪诞,3,2,1,2,5,13,52.0,56.7,驱邪震慑型
273,0273,江西,江西·南丰（推定）,傩母（南山圣母）,神灵信仰类,祈福、护佑、还愿或地方信仰,2,1,1,4,2,4,14,中低怪诞,2,2,1,2,5,12,48.0,46.7,人相亲和型
274,0274,江西,江西·南丰（推定）,开山莽将（开山猛将）,武将护法类,忠勇、护法、征战或秩序维护,3,4,3,4,2,3,19,中高怪诞,3,2,3,4,4,16,64.0,63.3,驱邪震慑型
275,0275,江西,江西·南丰（推定）,梁山土地,神灵信仰类,祈福、护佑、还愿或地方信仰,2,2,2,2,2,3,13,中低怪诞,3,2,1,2,2,10,40.0,43.3,人相亲和型
276,0276,江西,江西·南丰（推定）,甘生八郎,组合或未归类,组合叙事或地方性角色,2,2,2,4,2,2,14,中低怪诞,2,2,1,2,5,12,48.0,46.7,人相亲和型
277,0277,江西,江西·南丰（推定）,东岳大帝,组合或未归类,组合叙事或地方性角色,2,2,2,3,2,2,13,中低怪诞,2,2,1,2,3,10,40.0,43.3,人相亲和型
278,0278,江西,江西·南丰（推定）,炳灵太子,世俗戏曲人物类,戏剧情节、乡土人物或社会身份,2,2,2,4,2,1,13,中低怪诞,2,1,1,2,4,10,40.0,43.3,人相亲和型
279,0279,江西,江西·南丰（推定）,小鬼,武将护法类,忠勇、护法、征战或秩序维护,3,2,2,4,2,2,15,中低怪诞,3,2,2,2,5,14,56.0,50.0,驱邪震慑型
280,0280,江西,江西·南丰（推定）,尖角将军,武将护法类,忠勇、护法、征战或秩序维护,3,2,2,4,3,2,16,中低怪诞,3,2,2,3,5,15,60.0,53.3,驱邪震慑型
281,0281,江西,江西·南丰（推定）,钟馗,武将护法类,忠勇、护法、征战或秩序维护,3,2,2,4,2,3,16,中低怪诞,3,2,2,2,4,13,52.0,53.3,驱邪震慑型
282,0282,江西,江西·南丰（推定）,王灵官,武将护法类,忠勇、护法、征战或秩序维护,3,2,3,4,2,3,17,中低怪诞,3,2,2,2,5,14,56.0,56.7,驱邪震慑型
283,0283,江西,江西·南丰（推定）,汉朝将军,武将护法类,忠勇、护法、征战或秩序维护,3,2,2,4,2,3,16,中低怪诞,3,2,2,2,5,14,56.0,53.3,驱邪震慑型
284,0284,江西,江西·南丰（推定）,歪嘴秦童,组合或未归类,组合叙事或地方性角色,2,3,3,4,2,3,17,中低怪诞,2,2,1,2,4,11,44.0,56.7,戏谑异化型
285,0285,江西,江西·南丰（推定）,开山猛将,武将护法类,忠勇、护法、征战或秩序维护,3,4,3,4,3,3,20,中高怪诞,3,2,3,4,5,17,68.0,66.7,驱邪震慑型
286,0286,江西,江西·南丰（推定）,开山猛将,武将护法类,忠勇、护法、征战或秩序维护,3,4,3,4,2,3,19,中高怪诞,3,2,3,4,5,17,68.0,63.3,驱邪震慑型
287,0287,江西,江西·南丰（推定）,孽龙,兽面驱邪类,镇邪、威慑、护门或驱疫,5,4,4,3,4,3,23,中高怪诞,4,3,4,4,4,19,76.0,76.7,驱邪震慑型
288,0288,江西,江西·南丰（推定）,孽龙,兽面驱邪类,镇邪、威慑、护门或驱疫,5,4,4,4,3,2,22,中高怪诞,4,3,4,4,5,20,80.0,73.3,驱邪震慑型
289,0289,江西,江西·南丰（推定）,社王,神灵信仰类,祈福、护佑、还愿或地方信仰,3,2,2,2,2,3,14,中低怪诞,3,2,1,2,3,11,44.0,46.7,人相亲和型
290,0290,江西,江西·南丰（推定）,山王,神灵信仰类,祈福、护佑、还愿或地方信仰,3,2,2,4,2,3,16,中低怪诞,3,2,1,3,5,14,56.0,53.3,驱邪震慑型
291,0291,江西,江西·南丰（推定）,开路先锋,武将护法类,忠勇、护法、征战或秩序维护,3,2,2,3,2,3,15,中低怪诞,3,2,2,2,4,13,52.0,50.0,驱邪震慑型
292,0292,江西,江西·南丰（推定）,开山莽将,武将护法类,忠勇、护法、征战或秩序维护,4,5,5,4,2,3,23,中高怪诞,4,3,3,4,5,19,76.0,76.7,驱邪震慑型
293,0293,江西,江西·南丰（推定）,唐氏太婆,神灵信仰类,祈福、护佑、还愿或地方信仰,2,1,2,2,2,2,11,低怪诞,2,2,1,2,3,10,40.0,36.7,人相亲和型
294,0294,江西,江西·南丰（推定）,傩公,神灵信仰类,祈福、护佑、还愿或地方信仰,2,2,2,4,2,3,15,中低怪诞,3,2,1,2,5,13,52.0,50.0,驱邪震慑型
295,0295,江西,江西·南丰（推定）,安安,组合或未归类,组合叙事或地方性角色,2,2,2,4,2,3,15,中低怪诞,2,2,1,2,4,11,44.0,50.0,戏谑异化型
296,0296,江西,江西·南丰（推定）,二郎神,武将护法类,忠勇、护法、征战或秩序维护,3,2,2,4,2,2,15,中低怪诞,3,2,2,2,5,14,56.0,50.0,驱邪震慑型
297,0297,江西,江西·南丰（推定）,梁山土地,神灵信仰类,祈福、护佑、还愿或地方信仰,2,2,2,4,2,2,14,中低怪诞,3,2,1,2,4,12,48.0,46.7,人相亲和型
298,0298,江西,江西·南丰（推定）,傩公,神灵信仰类,祈福、护佑、还愿或地方信仰,2,2,2,3,2,3,14,中低怪诞,3,2,1,2,4,12,48.0,46.7,人相亲和型
299,0299,江西,江西·南丰（推定）,傩婆,神灵信仰类,祈福、护佑、还愿或地方信仰,2,1,1,4,2,4,14,中低怪诞,2,2,1,2,5,12,48.0,46.7,人相亲和型
300,0300,江西,江西·南丰（推定）,唐氏太婆,神灵信仰类,祈福、护佑、还愿或地方信仰,2,1,2,4,2,2,13,中低怪诞,2,2,1,2,5,12,48.0,43.3,人相亲和型
301,0301,江西,江西·南丰（推定）,金角将军,武将护法类,忠勇、护法、征战或秩序维护,3,4,3,4,2,2,18,中低怪诞,3,2,3,4,5,17,68.0,60.0,驱邪震慑型
302,0302,江西,江西·南丰（推定）,秦童,组合或未归类,组合叙事或地方性角色,2,2,2,4,2,2,14,中低怪诞,2,2,1,2,5,12,48.0,46.7,人相亲和型
303,0303,江西,江西·南丰（推定）,秦娘,神灵信仰类,祈福、护佑、还愿或地方信仰,2,1,2,4,2,2,13,中低怪诞,2,2,1,2,5,12,48.0,43.3,人相亲和型
304,0304,江西,江西·南丰（推定）,先锋小姐,武将护法类,忠勇、护法、征战或秩序维护,3,2,2,4,3,2,16,中低怪诞,2,2,2,2,5,13,52.0,53.3,驱邪震慑型
305,0305,江西,江西·南丰（推定）,封神榜系列,神灵信仰类,祈福、护佑、还愿或地方信仰,2,2,2,3,2,2,13,中低怪诞,3,2,1,2,4,12,48.0,43.3,人相亲和型
306,0306,江西,江西·南丰（推定）,八郎,组合或未归类,组合叙事或地方性角色,2,2,2,4,2,2,14,中低怪诞,2,2,1,2,5,12,48.0,46.7,人相亲和型
307,0307,江西,江西·南丰（推定）,开山,武将护法类,忠勇、护法、征战或秩序维护,5,4,4,5,2,2,22,中高怪诞,3,3,3,4,5,18,72.0,73.3,驱邪震慑型
308,0308,江西,江西·南丰（推定）,木蜡庄傩戏集合,武将护法类,忠勇、护法、征战或秩序维护,4,3,2,4,3,2,18,中低怪诞,3,2,2,2,4,13,52.0,60.0,驱邪震慑型
309,0309,江西,江西·南丰（推定）,歪嘴秦童,组合或未归类,组合叙事或地方性角色,2,3,3,3,2,2,15,中低怪诞,2,2,1,2,3,10,40.0,50.0,戏谑异化型
310,0310,江西,江西·南丰（推定）,开山大将,武将护法类,忠勇、护法、征战或秩序维护,3,2,2,4,2,3,16,中低怪诞,3,2,2,2,5,14,56.0,53.3,驱邪震慑型
311,0311,江西,江西·南丰（推定）,点兵仙官、蔡阳、杨泗,神灵信仰类,祈福、护佑、还愿或地方信仰,2,1,2,3,2,2,12,低怪诞,2,2,1,2,3,10,40.0,40.0,人相亲和型
312,0312,江西,江西·南丰（推定）,尖角将军,武将护法类,忠勇、护法、征战或秩序维护,2,2,2,4,3,2,15,中低怪诞,3,2,2,3,5,15,60.0,50.0,驱邪震慑型
313,0313,江西,江西·南丰（推定）,傩母,神灵信仰类,祈福、护佑、还愿或地方信仰,2,1,1,4,2,2,12,低怪诞,2,2,1,2,5,12,48.0,40.0,人相亲和型
314,0314,江西,江西·南丰（推定）,报府三郎（报事）,组合或未归类,组合叙事或地方性角色,4,3,2,4,2,2,17,中低怪诞,3,3,1,2,4,13,52.0,56.7,驱邪震慑型
315,0315,江西,江西·萍乡·湘东,银发婆婆,神灵信仰类,祈福、护佑、还愿或地方信仰,3,1,2,5,3,4,18,中低怪诞,2,2,1,2,5,12,48.0,60.0,戏谑异化型
316,0316,江西,江西·萍乡·湘东,五方将（北）,武将护法类,忠勇、护法、征战或秩序维护,3,2,2,3,2,3,15,中低怪诞,3,2,2,2,3,12,48.0,50.0,戏谑异化型
317,0317,江西,江西·萍乡·湘东,判官,武将护法类,忠勇、护法、征战或秩序维护,4,2,3,4,2,2,17,中低怪诞,3,2,2,2,4,13,52.0,56.7,驱邪震慑型
318,0318,江西,江西·萍乡·湘东,颜良,组合或未归类,组合叙事或地方性角色,2,2,2,4,2,2,14,中低怪诞,2,2,1,2,4,11,44.0,46.7,人相亲和型
319,0319,江西,江西·萍乡·湘东,文财神,神灵信仰类,祈福、护佑、还愿或地方信仰,2,2,2,3,1,3,13,中低怪诞,3,2,1,2,3,11,44.0,43.3,人相亲和型
320,0320,江西,江西·萍乡·湘东,五方将（南）,武将护法类,忠勇、护法、征战或秩序维护,3,2,2,4,2,3,16,中低怪诞,3,2,2,2,5,14,56.0,53.3,驱邪震慑型
321,0321,江西,江西·萍乡·湘东,金花,神灵信仰类,祈福、护佑、还愿或地方信仰,2,2,2,4,2,3,15,中低怪诞,3,2,1,2,5,13,52.0,50.0,驱邪震慑型
322,0322,江西,江西·萍乡·湘东,土地,神灵信仰类,祈福、护佑、还愿或地方信仰,2,2,2,3,2,3,14,中低怪诞,3,2,1,2,3,11,44.0,46.7,人相亲和型
323,0323,江西,江西·萍乡·湘东,吞口,兽面驱邪类,镇邪、威慑、护门或驱疫,5,4,4,3,3,2,21,中高怪诞,4,3,5,3,3,18,72.0,70.0,驱邪震慑型
324,0324,江西,江西·萍乡·湘东,唐将军,武将护法类,忠勇、护法、征战或秩序维护,3,2,2,3,2,3,15,中低怪诞,3,2,2,2,3,12,48.0,50.0,戏谑异化型
325,0325,江西,江西·萍乡·湘东,龙王,神灵信仰类,祈福、护佑、还愿或地方信仰,3,2,2,3,2,2,14,中低怪诞,3,2,1,2,3,11,44.0,46.7,人相亲和型
326,0326,江西,江西·萍乡·湘东,钟馗,武将护法类,忠勇、护法、征战或秩序维护,3,2,2,4,2,2,15,中低怪诞,3,2,2,2,5,14,56.0,50.0,驱邪震慑型
327,0327,江西,江西·萍乡·湘东,武财神,武将护法类,忠勇、护法、征战或秩序维护,3,2,2,4,2,3,16,中低怪诞,3,2,2,2,5,14,56.0,53.3,驱邪震慑型
328,0328,江西,江西·萍乡·湘东,小鬼,组合或未归类,组合叙事或地方性角色,3,2,2,4,2,3,16,中低怪诞,2,2,1,2,4,11,44.0,53.3,戏谑异化型
329,0329,江西,江西·萍乡·湘东,马将军,兽面驱邪类,镇邪、威慑、护门或驱疫,5,3,4,2,4,3,21,中高怪诞,4,3,3,4,3,17,68.0,70.0,驱邪震慑型
330,0330,江西,江西·萍乡·湘东,五方将（东）,武将护法类,忠勇、护法、征战或秩序维护,3,2,2,4,2,2,15,中低怪诞,3,2,2,2,5,14,56.0,50.0,驱邪震慑型
331,0331,江西,江西·萍乡·湘东,五方将（中）,武将护法类,忠勇、护法、征战或秩序维护,3,2,2,4,2,3,16,中低怪诞,3,2,2,2,5,14,56.0,53.3,驱邪震慑型
332,0332,江西,江西·萍乡·湘东,监查,神灵信仰类,祈福、护佑、还愿或地方信仰,2,2,2,4,2,2,14,中低怪诞,3,2,1,2,5,13,52.0,46.7,神圣威严型
333,0333,江西,江西·萍乡·湘东,关老爷,组合或未归类,组合叙事或地方性角色,2,2,2,4,2,3,15,中低怪诞,2,2,1,2,4,11,44.0,50.0,戏谑异化型
334,0334,江西,江西·萍乡·湘东,炎将军,武将护法类,忠勇、护法、征战或秩序维护,3,2,2,4,2,3,16,中低怪诞,3,2,2,2,5,14,56.0,53.3,驱邪震慑型
335,0335,江西,江西·萍乡·湘东,魌头,兽面驱邪类,镇邪、威慑、护门或驱疫,5,4,4,3,3,2,21,中高怪诞,4,3,4,3,4,18,72.0,70.0,驱邪震慑型
336,0336,江西,江西,花关索,组合或未归类,组合叙事或地方性角色,2,2,2,4,2,2,14,中低怪诞,2,2,1,2,4,11,44.0,46.7,人相亲和型
337,0337,江西,江西,鲍三娘,神灵信仰类,祈福、护佑、还愿或地方信仰,2,1,1,4,2,2,12,低怪诞,2,2,1,2,4,11,44.0,40.0,人相亲和型
338,0338,江西,江西,八十大王,神灵信仰类,祈福、护佑、还愿或地方信仰,3,2,2,4,2,3,16,中低怪诞,3,2,1,2,5,13,52.0,53.3,驱邪震慑型
339,0339,江西,江西,吞口,兽面驱邪类,镇邪、威慑、护门或驱疫,5,4,4,4,4,3,24,中高怪诞,4,3,5,4,5,21,84.0,80.0,驱邪震慑型
340,0340,江西,江西,周将军,武将护法类,忠勇、护法、征战或秩序维护,3,2,2,4,2,3,16,中低怪诞,3,2,2,2,5,14,56.0,53.3,驱邪震慑型
341,0341,江西,江西,欧阳金甲大将军,武将护法类,忠勇、护法、征战或秩序维护,4,2,2,4,2,3,17,中低怪诞,3,2,2,3,5,15,60.0,56.7,驱邪震慑型
342,0342,江西,江西,商代青铜傩,神灵信仰类,祈福、护佑、还愿或地方信仰,2,2,2,2,2,2,12,低怪诞,3,2,1,2,3,11,44.0,40.0,人相亲和型
343,0343,江西,江西,开口傩,组合或未归类,组合叙事或地方性角色,2,2,1,4,2,3,14,中低怪诞,2,2,1,2,4,11,44.0,46.7,人相亲和型
344,0344,江西,江西,你也来了、鬼差,世俗戏曲人物类,戏剧情节、乡土人物或社会身份,2,2,2,2,2,1,11,低怪诞,1,1,1,1,3,7,28.0,36.7,人相亲和型
345,0345,江西,江西,周下元,组合或未归类,组合叙事或地方性角色,2,2,2,4,2,2,14,中低怪诞,2,2,1,2,4,11,44.0,46.7,人相亲和型
346,0346,江西,江西,阴公,神灵信仰类,祈福、护佑、还愿或地方信仰,2,2,2,4,2,2,14,中低怪诞,3,2,1,2,5,13,52.0,46.7,神圣威严型
347,0347,重庆,重庆,牛头,兽面驱邪类,镇邪、威慑、护门或驱疫,5,4,4,3,3,2,21,中高怪诞,4,3,4,3,4,18,72.0,70.0,驱邪震慑型
348,0348,重庆,重庆,灵猴,兽面驱邪类,镇邪、威慑、护门或驱疫,5,4,4,4,3,2,22,中高怪诞,4,3,4,3,5,19,76.0,73.3,驱邪震慑型
349,0349,重庆,重庆,梅香,神灵信仰类,祈福、护佑、还愿或地方信仰,2,2,2,4,2,2,14,中低怪诞,3,2,1,2,5,13,52.0,46.7,神圣威严型
350,0350,重庆,重庆,甘生,神灵信仰类,祈福、护佑、还愿或地方信仰,2,2,2,4,2,2,14,中低怪诞,3,2,1,2,5,13,52.0,46.7,神圣威严型
351,0351,重庆,重庆,甘先生,神灵信仰类,祈福、护佑、还愿或地方信仰,2,2,2,4,2,2,14,中低怪诞,3,2,1,2,5,13,52.0,46.7,神圣威严型
352,0352,重庆,重庆,大王,神灵信仰类,祈福、护佑、还愿或地方信仰,2,2,2,4,2,2,14,中低怪诞,3,2,1,2,4,12,48.0,46.7,人相亲和型
353,0353,重庆,重庆,杨氏,神灵信仰类,祈福、护佑、还愿或地方信仰,2,2,2,4,2,2,14,中低怪诞,3,2,1,2,5,13,52.0,46.7,神圣威严型
354,0354,重庆,重庆,软童,神灵信仰类,祈福、护佑、还愿或地方信仰,2,2,2,4,2,3,15,中低怪诞,3,2,1,2,4,12,48.0,50.0,戏谑异化型
355,0355,重庆,重庆,笑和尚,世俗戏曲人物类,戏剧情节、乡土人物或社会身份,2,1,2,4,2,1,12,低怪诞,1,1,1,2,4,9,36.0,40.0,人相亲和型
356,0356,重庆,重庆,歪嘴和尚,世俗戏曲人物类,戏剧情节、乡土人物或社会身份,2,2,3,4,2,1,14,中低怪诞,1,1,1,2,4,9,36.0,46.7,人相亲和型
357,0357,重庆,重庆,陈氏婆,神灵信仰类,祈福、护佑、还愿或地方信仰,2,1,1,4,2,2,12,低怪诞,2,2,1,2,5,12,48.0,40.0,人相亲和型
358,0358,重庆,重庆,仙锋小姐,世俗戏曲人物类,戏剧情节、乡土人物或社会身份,2,1,1,3,2,2,11,低怪诞,1,1,1,2,3,8,32.0,36.7,人相亲和型
359,0359,重庆,重庆,柳三,神灵信仰类,祈福、护佑、还愿或地方信仰,2,2,2,4,2,2,14,中低怪诞,3,2,1,2,5,13,52.0,46.7,神圣威严型
360,0360,重庆,重庆,地盘,神灵信仰类,祈福、护佑、还愿或地方信仰,2,2,2,4,2,2,14,中低怪诞,3,2,1,2,4,12,48.0,46.7,人相亲和型
361,0361,重庆,重庆,庞氏女,神灵信仰类,祈福、护佑、还愿或地方信仰,2,2,2,4,2,2,14,中低怪诞,3,2,1,2,4,12,48.0,46.7,人相亲和型
362,0362,重庆,重庆,乡约保长,组合或未归类,组合叙事或地方性角色,2,2,1,4,2,2,13,中低怪诞,2,2,1,2,4,11,44.0,43.3,人相亲和型
363,0363,重庆,重庆,勾愿刹官,世俗戏曲人物类,戏剧情节、乡土人物或社会身份,2,2,2,4,2,3,15,中低怪诞,2,1,1,2,4,10,40.0,50.0,戏谑异化型
364,0364,重庆,重庆,牛皋,兽面驱邪类,镇邪、威慑、护门或驱疫,5,4,4,4,3,2,22,中高怪诞,4,3,4,3,5,19,76.0,73.3,驱邪震慑型
365,0365,重庆,重庆,龙公,神灵信仰类,祈福、护佑、还愿或地方信仰,3,2,2,4,2,2,15,中低怪诞,3,2,1,3,5,14,56.0,50.0,驱邪震慑型
366,0366,重庆,重庆,么儿媳妇,世俗戏曲人物类,戏剧情节、乡土人物或社会身份,2,2,2,4,2,1,13,中低怪诞,2,1,1,2,4,10,40.0,43.3,人相亲和型
367,0367,重庆,重庆,掐时先生,神灵信仰类,祈福、护佑、还愿或地方信仰,2,2,2,4,2,2,14,中低怪诞,3,2,1,2,5,13,52.0,46.7,神圣威严型
368,0368,重庆,重庆,小丑,神灵信仰类,祈福、护佑、还愿或地方信仰,2,2,2,4,2,2,14,中低怪诞,3,2,1,2,5,13,52.0,46.7,神圣威严型
369,0369,重庆,重庆,押兵先生,武将护法类,忠勇、护法、征战或秩序维护,3,2,2,4,2,2,15,中低怪诞,3,2,2,2,4,13,52.0,50.0,驱邪震慑型
370,0370,重庆,重庆,李氏,神灵信仰类,祈福、护佑、还愿或地方信仰,2,2,2,4,2,2,14,中低怪诞,3,2,1,2,5,13,52.0,46.7,神圣威严型
371,0371,重庆,重庆,杨泗,神灵信仰类,祈福、护佑、还愿或地方信仰,2,2,2,4,2,2,14,中低怪诞,3,2,1,2,5,13,52.0,46.7,神圣威严型
372,0372,重庆,重庆,鞠躬老师,神灵信仰类,祈福、护佑、还愿或地方信仰,2,2,2,4,2,2,14,中低怪诞,3,2,1,2,5,13,52.0,46.7,神圣威严型
373,0373,重庆,重庆,龙神,神灵信仰类,祈福、护佑、还愿或地方信仰,3,2,2,4,2,3,16,中低怪诞,3,2,1,3,5,14,56.0,53.3,驱邪震慑型
374,0374,重庆,重庆,报虎三郎,兽面驱邪类,镇邪、威慑、护门或驱疫,5,4,4,4,3,2,22,中高怪诞,4,3,4,4,5,20,80.0,73.3,驱邪震慑型
375,0375,四川,四川,二郎神,武将护法类,忠勇、护法、征战或秩序维护,3,2,2,4,2,3,16,中低怪诞,3,2,2,2,5,14,56.0,53.3,驱邪震慑型
376,0376,四川,四川,刘备,组合或未归类,组合叙事或地方性角色,2,2,2,4,2,3,15,中低怪诞,2,2,1,2,4,11,44.0,50.0,戏谑异化型
377,0377,四川,四川,土主张飞,武将护法类,忠勇、护法、征战或秩序维护,3,2,2,3,2,3,15,中低怪诞,3,2,2,2,3,12,48.0,50.0,戏谑异化型
378,0378,四川,四川,川主二郎神,武将护法类,忠勇、护法、征战或秩序维护,4,2,2,4,2,3,17,中低怪诞,3,2,2,3,5,15,60.0,56.7,驱邪震慑型
379,0379,四川,四川,报虎,兽面驱邪类,镇邪、威慑、护门或驱疫,5,4,5,4,3,2,23,中高怪诞,4,3,4,4,5,20,80.0,76.7,驱邪震慑型
380,0380,四川,四川,账房先生,组合或未归类,组合叙事或地方性角色,2,2,1,4,2,3,14,中低怪诞,2,2,1,2,4,11,44.0,46.7,人相亲和型
381,0381,四川,四川,回回（回纥）,组合或未归类,组合叙事或地方性角色,2,2,2,4,2,3,15,中低怪诞,2,2,1,2,4,11,44.0,50.0,戏谑异化型
382,0382,四川,四川,娃儿,组合或未归类,组合叙事或地方性角色,2,2,1,4,2,2,13,中低怪诞,2,2,1,2,4,11,44.0,43.3,人相亲和型
383,0383,四川,四川,电母,神灵信仰类,祈福、护佑、还愿或地方信仰,2,1,1,4,2,2,12,低怪诞,2,2,1,2,5,12,48.0,40.0,人相亲和型
384,0384,四川,四川,龙王,神灵信仰类,祈福、护佑、还愿或地方信仰,3,2,2,4,2,2,15,中低怪诞,3,2,1,2,5,13,52.0,50.0,驱邪震慑型
385,0385,四川,四川,春官,世俗戏曲人物类,戏剧情节、乡土人物或社会身份,2,2,2,3,2,3,14,中低怪诞,1,1,1,1,4,8,32.0,46.7,人相亲和型
386,0386,四川,四川,消灾和尚,世俗戏曲人物类,戏剧情节、乡土人物或社会身份,2,1,2,4,2,3,14,中低怪诞,1,1,1,1,4,8,32.0,46.7,人相亲和型
387,0387,四川,四川,消灾和尚,世俗戏曲人物类,戏剧情节、乡土人物或社会身份,2,1,2,4,2,1,12,低怪诞,1,1,1,1,4,8,32.0,40.0,人相亲和型
388,0388,四川,四川,蚕丝公,神灵信仰类,祈福、护佑、还愿或地方信仰,2,2,2,4,2,2,14,中低怪诞,3,2,1,2,5,13,52.0,46.7,神圣威严型
389,0389,四川,四川,小鬼,组合或未归类,组合叙事或地方性角色,4,2,2,4,2,2,16,中低怪诞,2,2,1,2,4,11,44.0,53.3,戏谑异化型
390,0390,四川,四川,钟馗,武将护法类,忠勇、护法、征战或秩序维护,3,2,2,4,2,2,15,中低怪诞,3,2,2,2,5,14,56.0,50.0,驱邪震慑型
391,0391,四川,四川,傩公傩母,神灵信仰类,祈福、护佑、还愿或地方信仰,2,1,1,4,2,2,12,低怪诞,2,2,1,2,5,12,48.0,40.0,人相亲和型
392,0392,四川,四川,武财神,武将护法类,忠勇、护法、征战或秩序维护,3,2,2,4,2,3,16,中低怪诞,3,2,2,2,5,14,56.0,53.3,驱邪震慑型
393,0393,四川,四川,二郎神,武将护法类,忠勇、护法、征战或秩序维护,3,2,2,4,2,3,16,中低怪诞,3,2,2,2,5,14,56.0,53.3,驱邪震慑型
394,0394,四川,四川,土主张飞,武将护法类,忠勇、护法、征战或秩序维护,2,2,2,3,2,2,13,中低怪诞,3,2,2,2,3,12,48.0,43.3,人相亲和型
395,0395,四川,四川,川主,神灵信仰类,祈福、护佑、还愿或地方信仰,2,2,2,4,2,3,15,中低怪诞,3,2,1,2,5,13,52.0,50.0,驱邪震慑型
396,0396,四川,四川,二郎神,武将护法类,忠勇、护法、征战或秩序维护,3,2,2,4,2,2,15,中低怪诞,3,2,2,3,5,15,60.0,50.0,驱邪震慑型
397,0397,四川,四川,豹头,兽面驱邪类,镇邪、威慑、护门或驱疫,5,4,4,4,3,2,22,中高怪诞,4,3,4,4,4,19,76.0,73.3,驱邪震慑型
398,0398,四川,四川,双峰傩戏大全,组合或未归类,组合叙事或地方性角色,3,2,2,3,3,3,16,中低怪诞,2,2,1,2,3,10,40.0,53.3,戏谑异化型
399,0399,云南,云南,倮倮,组合或未归类,组合叙事或地方性角色,3,2,2,3,2,3,15,中低怪诞,2,2,1,3,3,11,44.0,50.0,戏谑异化型
400,0400,云南,云南,吞口,兽面驱邪类,镇邪、威慑、护门或驱疫,5,4,4,4,3,2,22,中高怪诞,4,3,5,4,5,21,84.0,73.3,驱邪震慑型
401,0401,云南,云南,吞口镇宅,兽面驱邪类,镇邪、威慑、护门或驱疫,5,4,4,4,3,2,22,中高怪诞,4,3,5,4,5,21,84.0,73.3,驱邪震慑型
402,0402,云南,云南,笑和尚,世俗戏曲人物类,戏剧情节、乡土人物或社会身份,2,1,2,4,2,1,12,低怪诞,1,1,1,1,4,8,32.0,40.0,人相亲和型
403,0403,云南,云南,堆沙节,组合或未归类,组合叙事或地方性角色,2,2,1,5,2,2,14,中低怪诞,2,2,1,2,5,12,48.0,46.7,人相亲和型
404,0404,云南,云南,孔雀舞,神灵信仰类,祈福、护佑、还愿或地方信仰,2,2,2,4,2,2,14,中低怪诞,3,2,1,2,4,12,48.0,46.7,人相亲和型
405,0405,云南,云南,关索戏,武将护法类,忠勇、护法、征战或秩序维护,3,3,2,4,3,3,18,中低怪诞,3,3,2,2,5,15,60.0,60.0,驱邪震慑型
406,0406,云南,云南,猴子,兽面驱邪类,镇邪、威慑、护门或驱疫,5,4,4,4,3,2,22,中高怪诞,4,3,4,3,5,19,76.0,73.3,驱邪震慑型
407,0407,云南,云南,寿星,神灵信仰类,祈福、护佑、还愿或地方信仰,2,1,2,4,2,2,13,中低怪诞,2,2,1,2,4,11,44.0,43.3,人相亲和型
408,0408,云南,云南,魁星,神灵信仰类,祈福、护佑、还愿或地方信仰,3,2,2,3,2,3,15,中低怪诞,3,2,1,2,4,12,48.0,50.0,戏谑异化型
409,0409,云南,云南,度戎,神灵信仰类,祈福、护佑、还愿或地方信仰,3,2,2,4,3,2,16,中低怪诞,3,2,1,3,4,13,52.0,53.3,驱邪震慑型
410,0410,云南,云南,大刀舞,组合或未归类,组合叙事或地方性角色,2,2,2,4,2,2,14,中低怪诞,2,2,1,2,4,11,44.0,46.7,人相亲和型
411,0411,云南,云南,狮虎舞,兽面驱邪类,镇邪、威慑、护门或驱疫,5,4,4,4,3,3,23,中高怪诞,4,3,4,4,5,20,80.0,76.7,驱邪震慑型
412,0412,未明确地区,未明确地区,汉朝将军,武将护法类,忠勇、护法、征战或秩序维护,3,2,2,4,2,2,15,中低怪诞,3,2,2,2,5,14,56.0,50.0,驱邪震慑型
413,0413,未明确地区,未明确地区,山王,神灵信仰类,祈福、护佑、还愿或地方信仰,3,2,2,4,2,3,16,中低怪诞,3,2,1,2,5,13,52.0,53.3,驱邪震慑型
414,0414,未明确地区,未明确地区,土地,神灵信仰类,祈福、护佑、还愿或地方信仰,2,2,2,5,2,3,16,中低怪诞,3,2,1,2,5,13,52.0,53.3,驱邪震慑型
415,0415,未明确地区,未明确地区,和尚（福包）,世俗戏曲人物类,戏剧情节、乡土人物或社会身份,2,2,3,4,2,1,14,中低怪诞,1,1,1,1,4,8,32.0,46.7,人相亲和型
416,0416,未明确地区,未明确地区,药王,神灵信仰类,祈福、护佑、还愿或地方信仰,2,2,2,5,2,2,15,中低怪诞,3,2,1,2,5,13,52.0,50.0,驱邪震慑型
417,0417,未明确地区,未明确地区,巫师公（端公）,神灵信仰类,祈福、护佑、还愿或地方信仰,2,2,2,4,2,2,14,中低怪诞,3,2,1,2,4,12,48.0,46.7,人相亲和型
418,0418,未明确地区,未明确地区,牧牛童子,兽面驱邪类,镇邪、威慑、护门或驱疫,5,4,4,4,4,2,23,中高怪诞,4,3,4,4,5,20,80.0,76.7,驱邪震慑型
419,0419,未明确地区,未明确地区,小鬼,组合或未归类,组合叙事或地方性角色,3,2,2,2,3,3,15,中低怪诞,2,2,1,3,3,11,44.0,50.0,戏谑异化型
420,0420,未明确地区,未明确地区,灵官,武将护法类,忠勇、护法、征战或秩序维护,3,2,2,3,2,2,14,中低怪诞,3,2,2,2,3,12,48.0,46.7,人相亲和型
421,0421,未明确地区,未明确地区,蔡阳,武将护法类,忠勇、护法、征战或秩序维护,3,2,2,4,2,2,15,中低怪诞,3,2,2,2,4,13,52.0,50.0,驱邪震慑型
422,0422,未明确地区,未明确地区,周仓,组合或未归类,组合叙事或地方性角色,2,2,2,2,2,3,13,中低怪诞,2,2,1,2,2,9,36.0,43.3,人相亲和型
423,0423,未明确地区,未明确地区,傩公,神灵信仰类,祈福、护佑、还愿或地方信仰,2,2,2,4,2,2,14,中低怪诞,3,2,1,2,5,13,52.0,46.7,神圣威严型
424,0424,未明确地区,未明确地区,傩母,神灵信仰类,祈福、护佑、还愿或地方信仰,2,1,1,2,2,4,12,低怪诞,2,2,1,2,3,10,40.0,40.0,人相亲和型
425,0425,未明确地区,未明确地区,道士,神灵信仰类,祈福、护佑、还愿或地方信仰,2,2,2,4,2,2,14,中低怪诞,3,2,1,2,5,13,52.0,46.7,神圣威严型
426,0426,未明确地区,未明确地区,马头、马面,兽面驱邪类,镇邪、威慑、护门或驱疫,5,4,4,4,3,2,22,中高怪诞,4,3,4,3,4,18,72.0,73.3,驱邪震慑型
427,0427,未明确地区,未明确地区,傩公傩母,神灵信仰类,祈福、护佑、还愿或地方信仰,2,1,1,4,2,2,12,低怪诞,2,2,1,2,4,11,44.0,40.0,人相亲和型
428,0428,未明确地区,未明确地区,李斯丞相,组合或未归类,组合叙事或地方性角色,3,2,1,3,2,2,13,中低怪诞,2,2,1,2,4,11,44.0,43.3,人相亲和型
429,0429,未明确地区,未明确地区,七十二侯文官,世俗戏曲人物类,戏剧情节、乡土人物或社会身份,2,2,2,3,2,3,14,中低怪诞,1,1,1,1,3,7,28.0,46.7,人相亲和型
430,0430,未明确地区,未明确地区,东大神,神灵信仰类,祈福、护佑、还愿或地方信仰,2,2,1,5,1,2,13,中低怪诞,3,2,1,2,5,13,52.0,43.3,神圣威严型
431,0431,未明确地区,未明确地区,白面东大神,神灵信仰类,祈福、护佑、还愿或地方信仰,2,2,1,4,1,2,12,低怪诞,3,2,1,2,5,13,52.0,40.0,神圣威严型
432,0432,未明确地区,未明确地区,法海,组合或未归类,组合叙事或地方性角色,2,2,2,3,2,2,13,中低怪诞,2,2,1,2,3,10,40.0,43.3,人相亲和型
433,0433,未明确地区,未明确地区,开路,组合或未归类,组合叙事或地方性角色,2,3,2,4,2,3,16,中低怪诞,2,2,2,3,5,14,56.0,53.3,驱邪震慑型
434,0434,未明确地区,未明确地区,土地,神灵信仰类,祈福、护佑、还愿或地方信仰,2,2,2,5,2,4,17,中低怪诞,3,2,1,2,5,13,52.0,56.7,驱邪震慑型
435,0435,未明确地区,未明确地区,吞口,兽面驱邪类,镇邪、威慑、护门或驱疫,5,4,5,3,3,3,23,中高怪诞,4,3,5,3,3,18,72.0,76.7,驱邪震慑型
436,0436,未明确地区,未明确地区,龙王,神灵信仰类,祈福、护佑、还愿或地方信仰,3,2,2,4,2,2,15,中低怪诞,3,2,1,3,5,14,56.0,50.0,驱邪震慑型
437,0437,未明确地区,未明确地区,王灵官,武将护法类,忠勇、护法、征战或秩序维护,3,2,2,3,2,3,15,中低怪诞,3,2,2,2,3,12,48.0,50.0,戏谑异化型
438,0438,未明确地区,未明确地区,八蛮将军,武将护法类,忠勇、护法、征战或秩序维护,2,2,2,2,2,2,12,低怪诞,3,2,2,2,3,12,48.0,40.0,人相亲和型
439,0439,未明确地区,未明确地区,丑娘彩,神灵信仰类,祈福、护佑、还愿或地方信仰,2,1,1,4,2,4,14,中低怪诞,2,2,1,2,4,11,44.0,46.7,人相亲和型
440,0440,未明确地区,未明确地区,李二郎,武将护法类,忠勇、护法、征战或秩序维护,3,2,2,4,2,2,15,中低怪诞,3,2,2,2,4,13,52.0,50.0,驱邪震慑型
441,0441,未明确地区,未明确地区,唐叔,神灵信仰类,祈福、护佑、还愿或地方信仰,3,2,2,4,3,2,16,中低怪诞,3,2,1,3,5,14,56.0,53.3,驱邪震慑型
442,0442,未明确地区,未明确地区,虎面,兽面驱邪类,镇邪、威慑、护门或驱疫,5,4,4,3,4,2,22,中高怪诞,4,3,4,4,4,19,76.0,73.3,驱邪震慑型
443,0443,未明确地区,未明确地区,秦叔宝,武将护法类,忠勇、护法、征战或秩序维护,3,2,2,3,2,3,15,中低怪诞,3,2,2,2,3,12,48.0,50.0,戏谑异化型
444,0444,未明确地区,未明确地区,桃源土地,神灵信仰类,祈福、护佑、还愿或地方信仰,2,2,2,3,2,2,13,中低怪诞,3,2,1,2,4,12,48.0,43.3,人相亲和型
445,0445,未明确地区,未明确地区,铁拐李,组合或未归类,组合叙事或地方性角色,2,2,2,4,2,2,14,中低怪诞,2,2,1,2,4,11,44.0,46.7,人相亲和型
446,0446,未明确地区,未明确地区,土地翁,神灵信仰类,祈福、护佑、还愿或地方信仰,2,2,2,3,2,2,13,中低怪诞,3,2,1,2,3,11,44.0,43.3,人相亲和型
447,0447,未明确地区,未明确地区,老家院,神灵信仰类,祈福、护佑、还愿或地方信仰,2,2,2,3,2,2,13,中低怪诞,3,2,1,2,3,11,44.0,43.3,人相亲和型
448,0448,未明确地区,未明确地区,领兵土地,神灵信仰类,祈福、护佑、还愿或地方信仰,2,2,2,4,2,2,14,中低怪诞,3,2,1,2,4,12,48.0,46.7,人相亲和型
449,0449,未明确地区,未明确地区,柳毅,神灵信仰类,祈福、护佑、还愿或地方信仰,2,2,2,4,2,2,14,中低怪诞,3,2,1,2,5,13,52.0,46.7,神圣威严型
450,0450,未明确地区,未明确地区,龙女,神灵信仰类,祈福、护佑、还愿或地方信仰,3,2,2,4,2,2,15,中低怪诞,3,2,1,3,4,13,52.0,50.0,驱邪震慑型
451,0451,未明确地区,未明确地区,白鹤童子,世俗戏曲人物类,戏剧情节、乡土人物或社会身份,2,1,1,3,2,2,11,低怪诞,1,1,1,1,3,7,28.0,36.7,人相亲和型
452,0452,未明确地区,未明确地区,关羽,武将护法类,忠勇、护法、征战或秩序维护,3,2,2,4,2,3,16,中低怪诞,3,2,2,2,5,14,56.0,53.3,驱邪震慑型
453,0453,未明确地区,未明确地区,周仓,神灵信仰类,祈福、护佑、还愿或地方信仰,2,2,2,5,2,2,15,中低怪诞,3,2,1,2,5,13,52.0,50.0,驱邪震慑型
454,0454,未明确地区,未明确地区,蔡阳,神灵信仰类,祈福、护佑、还愿或地方信仰,2,2,2,2,2,2,12,低怪诞,3,2,1,2,3,11,44.0,40.0,人相亲和型
455,0455,未明确地区,未明确地区,牪牲,神灵信仰类,祈福、护佑、还愿或地方信仰,2,2,2,4,2,2,14,中低怪诞,3,2,1,2,5,13,52.0,46.7,神圣威严型
456,0456,未明确地区,未明确地区,傩戏大王,神灵信仰类,祈福、护佑、还愿或地方信仰,2,2,2,5,2,3,16,中低怪诞,3,2,1,2,5,13,52.0,53.3,驱邪震慑型
457,0457,未明确地区,未明确地区,报虎三郎,兽面驱邪类,镇邪、威慑、护门或驱疫,5,4,4,4,3,2,22,中高怪诞,4,3,4,4,5,20,80.0,73.3,驱邪震慑型
458,0458,未明确地区,未明确地区,三元大帝,组合或未归类,组合叙事或地方性角色,2,2,1,2,3,2,12,低怪诞,2,2,1,2,3,10,40.0,40.0,人相亲和型
459,0459,未明确地区,未明确地区,狮头,兽面驱邪类,镇邪、威慑、护门或驱疫,4,4,4,4,3,3,22,中高怪诞,4,3,4,3,5,19,76.0,73.3,驱邪震慑型
460,0460,未明确地区,未明确地区,文昌帝君,组合或未归类,组合叙事或地方性角色,2,2,2,4,2,3,15,中低怪诞,2,2,1,2,4,11,44.0,50.0,戏谑异化型
461,0461,未明确地区,未明确地区,土主,神灵信仰类,祈福、护佑、还愿或地方信仰,2,2,2,4,2,3,15,中低怪诞,3,2,1,2,5,13,52.0,50.0,驱邪震慑型
462,0462,未明确地区,未明确地区,药王,神灵信仰类,祈福、护佑、还愿或地方信仰,2,2,2,5,2,3,16,中低怪诞,3,2,1,2,5,13,52.0,53.3,驱邪震慑型
463,0463,未明确地区,未明确地区,灵官,武将护法类,忠勇、护法、征战或秩序维护,3,2,2,3,2,3,15,中低怪诞,3,2,2,2,3,12,48.0,50.0,戏谑异化型
464,0464,未明确地区,未明确地区,天门土地,神灵信仰类,祈福、护佑、还愿或地方信仰,2,2,2,4,2,2,14,中低怪诞,3,2,1,2,5,13,52.0,46.7,神圣威严型
465,0465,未明确地区,未明确地区,笑和尚,世俗戏曲人物类,戏剧情节、乡土人物或社会身份,2,1,2,2,2,1,10,低怪诞,1,1,1,2,2,7,28.0,33.3,人相亲和型
466,0466,未明确地区,未明确地区,和事老,神灵信仰类,祈福、护佑、还愿或地方信仰,2,2,1,4,2,3,14,中低怪诞,3,2,1,2,4,12,48.0,46.7,人相亲和型
467,0467,未明确地区,未明确地区,雷公,神灵信仰类,祈福、护佑、还愿或地方信仰,2,2,2,4,2,3,15,中低怪诞,3,2,1,2,4,12,48.0,50.0,戏谑异化型
468,0468,未明确地区,未明确地区,梅花小姐,世俗戏曲人物类,戏剧情节、乡土人物或社会身份,2,1,1,3,2,2,11,低怪诞,1,1,1,2,3,8,32.0,36.7,人相亲和型
469,0469,未明确地区,未明确地区,五虎将,兽面驱邪类,镇邪、威慑、护门或驱疫,5,4,4,4,4,3,24,中高怪诞,4,3,4,4,4,19,76.0,80.0,驱邪震慑型
470,0470,未明确地区,未明确地区,闭口傩,组合或未归类,组合叙事或地方性角色,2,2,2,2,2,2,12,低怪诞,2,2,1,2,3,10,40.0,40.0,人相亲和型
471,0471,未明确地区,未明确地区,傩公、傩母,神灵信仰类,祈福、护佑、还愿或地方信仰,2,1,1,3,2,4,13,中低怪诞,2,2,1,2,3,10,40.0,43.3,人相亲和型
472,0472,未明确地区,未明确地区,傩公、傩母,神灵信仰类,祈福、护佑、还愿或地方信仰,2,1,1,4,2,4,14,中低怪诞,2,2,1,2,5,12,48.0,46.7,人相亲和型
473,0473,未明确地区,未明确地区,祁门傩,组合或未归类,组合叙事或地方性角色,3,2,2,4,2,3,16,中低怪诞,2,2,1,2,5,12,48.0,53.3,戏谑异化型
474,0474,未明确地区,未明确地区,凤凰蜡魂傩,神灵信仰类,祈福、护佑、还愿或地方信仰,2,2,2,3,2,2,13,中低怪诞,3,2,1,2,4,12,48.0,43.3,人相亲和型
475,0475,未明确地区,未明确地区,太子,世俗戏曲人物类,戏剧情节、乡土人物或社会身份,2,2,2,4,2,1,13,中低怪诞,2,1,1,2,4,10,40.0,43.3,人相亲和型
476,0476,未明确地区,未明确地区,龙山村黑色傩,神灵信仰类,祈福、护佑、还愿或地方信仰,3,2,2,3,2,3,15,中低怪诞,3,2,1,3,4,13,52.0,50.0,驱邪震慑型
477,0477,未明确地区,未明确地区,车湘傩像,神灵信仰类,祈福、护佑、还愿或地方信仰,2,2,1,4,2,2,13,中低怪诞,3,2,1,2,5,13,52.0,43.3,神圣威严型
478,0478,未明确地区,未明确地区,优周岗遗址傩,神灵信仰类,祈福、护佑、还愿或地方信仰,2,2,1,4,2,2,13,中低怪诞,3,2,1,2,5,13,52.0,43.3,神圣威严型
479,0479,未明确地区,未明确地区,梅山傩,组合或未归类,组合叙事或地方性角色,3,2,2,4,3,3,17,中低怪诞,2,2,1,2,4,11,44.0,56.7,戏谑异化型
480,0480,未明确地区,未明确地区,山王、歪嘴、莫下巴,神灵信仰类,祈福、护佑、还愿或地方信仰,2,2,3,4,1,3,15,中低怪诞,3,2,1,2,5,13,52.0,50.0,驱邪震慑型
481,0481,未明确地区,未明确地区,龙须吞口,兽面驱邪类,镇邪、威慑、护门或驱疫,5,4,4,2,3,3,21,中高怪诞,4,3,5,4,3,19,76.0,70.0,驱邪震慑型
482,0482,未明确地区,未明确地区,十二生肖,兽面驱邪类,镇邪、威慑、护门或驱疫,5,3,5,3,4,3,23,中高怪诞,4,3,3,4,4,18,72.0,76.7,驱邪震慑型
483,0483,未明确地区,未明确地区,十二生肖,兽面驱邪类,镇邪、威慑、护门或驱疫,5,3,4,2,3,3,20,中高怪诞,4,3,3,4,3,17,68.0,66.7,驱邪震慑型
